title,description,category,subcategory,priority,department
VPN client installation error,"When trying to install the Cisco VPN client on macOS, the installer throws error 1722.",Network,VPN,HIGH,Network Support
Escalation: Entered credentials on fake login page,"Realized after submitting password that the URL was secure-login-verify.xyz, not company domain. Impacting ongoing customer deliverables.",Security,Phishing,CRITICAL,Security
Need immediate help with this. Mailbox full quota exceeded error,Cannot receive new incoming emails because mailbox has reached 50 GB limit. Occurred right after rebooting.,Email,Email Not Receiving,HIGH,Email Support
User account disabled message on Windows login,Screen shows 'Your account has been disabled. Please see your system administrator.',Account & Access,Login Problem,HIGH,IT Helpdesk
Need immediate help with this. Unable to reset password via SMS OTP,OTP code for password reset is not arriving on my registered mobile device. Occurred right after rebooting.,Account & Access,Password Reset,HIGH,IT Helpdesk
Help needed: External monitor flickering continuously,Dell 27-inch monitor flickers black every 5 seconds over HDMI and DisplayPort. Kindly look into this as soon as possible.,Hardware,Monitor,MEDIUM,Hardware Support
Urgent assistance required: Account locked after 3 invalid attempts,My domain account is locked out across all workstations and SSO services. Error code was captured in screenshot.,Account & Access,Login Problem,HIGH,IT Helpdesk
Please assist urgently. Windows 11 update stuck at 74% loop,Laptop has been rebooting and reverting update KB5034441 for 2 hours. This is blocking my daily tasks.,Software,Update Issue,MEDIUM,Software Support
Issue started this morning. AWS IAM console read-only access request,Requesting AWS sandbox account access for cloud architecture evaluation. Restarting the system did not resolve the problem.,Account & Access,Access Request,HIGH,IT Helpdesk
Urgent assistance required: Phishing campaign report: fake payroll bonus notification,Received email claiming HR bonus with macro-enabled Excel document attached. Error code was captured in screenshot.,Security,Phishing,HIGH,Security
Need immediate help with this. Remote access VPN speed extremely slow,VPN connection is established but speeds are below 50 Kbps making it impossible to work. Occurred right after rebooting.,Network,VPN,MEDIUM,Network Support
Urgent assistance required: Jabra headset microphone not capturing audio,Can hear callers in Teams meeting but microphone picks up no sound. Error code was captured in screenshot.,Hardware,Peripherals,LOW,Hardware Support
FYI for the helpdesk team. External monitor flickering continuously,Dell 27-inch monitor flickers black every 5 seconds over HDMI and DisplayPort. Multiple teammates are experiencing this as well.,Hardware,Monitor,MEDIUM,Hardware Support
Please assist urgently. Remote access VPN speed extremely slow,VPN connection is established but speeds are below 50 Kbps making it impossible to work. This is blocking my daily tasks.,Network,VPN,MEDIUM,Network Support
VPN disconnects every 10 minutes,GlobalProtect / AnyConnect keeps dropping every few minutes disrupting remote desktop.,Network,VPN,HIGH,Network Support
Certificate error when joining 802.1x WiFi,Device prompts for RADIUS server certificate trust and refuses to connect.,Network,WiFi,MEDIUM,Network Support
Need immediate help with this. Database replica lag exceeded 30 minutes,Read replica in secondary region is falling behind master causing stale reads. Occurred right after rebooting.,Server / Infrastructure,Database Issue,HIGH,Infrastructure
Emails going directly to Junk / Spam folder,Legitimate internal communication from HR is being routed to Spam folder.,Email,Email Not Receiving,CRITICAL,Email Support
Please assist urgently. SSO login loop on Okta / Azure AD,Attempting to login to internal portal keeps redirecting back to login screen in a loop. This is blocking my daily tasks.,Account & Access,Login Problem,CRITICAL,IT Helpdesk
Issue started this morning. Important client email delayed by 8 hours,Incoming emails are queuing up in mail gateway with severe delivery latency. Restarting the system did not resolve the problem.,Email,Email Not Receiving,HIGH,Email Support
Password reset link expired or invalid,Self-service password reset portal says security questions are not configured.,Account & Access,Password Reset,MEDIUM,IT Helpdesk
Please assist urgently. No internet access on workstation,"Ethernet cable is plugged in, link lights are on, but cannot browse any websites. This is blocking my daily tasks.",Network,Internet Connectivity,HIGH,Network Support
Escalation: Temporary password not working on first login,IT provided a temporary password but portal says incorrect credentials. Impacting ongoing customer deliverables.,Account & Access,Password Reset,MEDIUM,IT Helpdesk
FYI for the helpdesk team. Core API server unresponsive with HTTP 502/504 errors,NGINX reverse proxy is throwing 502 Bad Gateway for all client traffic to main backend. Multiple teammates are experiencing this as well.,Server / Infrastructure,Server Down,CRITICAL,Infrastructure
Monitor resolution stuck at 1024x768,Display settings won't allow switching to native 2560x1440 resolution.,Hardware,Monitor,MEDIUM,Hardware Support
Escalation: Monitor resolution stuck at 1024x768,Display settings won't allow switching to native 2560x1440 resolution. Impacting ongoing customer deliverables.,Hardware,Monitor,MEDIUM,Hardware Support
Please assist urgently. PostgreSQL primary database connection pool exhausted,Application logs show 'FATAL: remaining connection slots are reserved for non-replication superuser connections'. This is blocking my daily tasks.,Server / Infrastructure,Database Issue,CRITICAL,Infrastructure
Emails stuck in Outbox and not sending,Outgoing messages with or without attachments stay in Outbox indefinitely.,Email,Email Not Sending,HIGH,Email Support
SAN storage volume degraded on LUN 3,Storage array controller reporting failed drive in RAID 6 group.,Server / Infrastructure,Storage,MEDIUM,Infrastructure
Issue started this morning. Install Zoom client for upcoming client presentation,Software Center installation of Zoom failed with error code 1603. Restarting the system did not resolve the problem.,Software,Software Installation,LOW,Software Support
Issue started this morning. Monitor resolution stuck at 1024x768,Display settings won't allow switching to native 2560x1440 resolution. Restarting the system did not resolve the problem.,Hardware,Monitor,MEDIUM,Hardware Support
Urgent assistance required: WiFi adapter not recognized in laptop,Windows Device Manager shows a yellow exclamation mark next to Intel WiFi 6 AX201. Error code was captured in screenshot.,Network,WiFi,MEDIUM,Network Support
Please assist urgently. SAN storage volume degraded on LUN 3,Storage array controller reporting failed drive in RAID 6 group. This is blocking my daily tasks.,Server / Infrastructure,Storage,HIGH,Infrastructure
Please assist urgently. Internal DNS not resolving intranet portals,Attempts to navigate to intranet.company.local result in DNS_PROBE_FINISHED_NXDOMAIN. This is blocking my daily tasks.,Network,DNS,MEDIUM,Network Support
"Need immediate help with this. New phone, need MFA Authenticator reset",I upgraded my smartphone and lost Microsoft Authenticator app 2FA tokens. Occurred right after rebooting.,Account & Access,MFA,HIGH,IT Helpdesk
Please assist urgently. AWS IAM console read-only access request,Requesting AWS sandbox account access for cloud architecture evaluation. This is blocking my daily tasks.,Account & Access,Access Request,LOW,IT Helpdesk
Help needed: Outlook calendar appointments disappeared,Shared team calendar is not syncing and recurring meetings have vanished. Kindly look into this as soon as possible.,Email,Outlook Problem,HIGH,Email Support
Escalation: Bounce back error 550 Relaying denied,Sending email to client domains results in NDR error 5.7.1 Access denied. Impacting ongoing customer deliverables.,Email,Email Not Sending,CRITICAL,Email Support
Salesforce desktop plugin crashing Outlook,Add-in for Salesforce causes Outlook to hang during startup in safe mode.,Software,Application Crash,CRITICAL,Software Support
Cannot connect to corporate VPN,Unable to establish VPN connection from home. It says handshake failed or connection timed out.,Network,VPN,HIGH,Network Support
Please assist urgently. Requesting Python and Docker desktop installation,Need local development tools installed on my workstation for new project. This is blocking my daily tasks.,Software,Software Installation,LOW,Software Support
Issue started this morning. Stale DNS records for staging server,DNS still points to the old decommissioned IP address 10.0.5.21. Restarting the system did not resolve the problem.,Network,DNS,CRITICAL,Network Support
Escalation: Requesting file restoration from tape backup,Need accidentally deleted folder /var/www/legacy restored from last Friday's backup. Impacting ongoing customer deliverables.,Server / Infrastructure,Backup,HIGH,Infrastructure
Help needed: Laptop battery swollen and pushing touchpad,The chassis of my ThinkPad is bulging and the trackpad cannot be clicked. Urgent safety hazard. Kindly look into this as soon as possible.,Hardware,Laptop,MEDIUM,Hardware Support
Please assist urgently. Session hijacked on corporate portal,Activity log indicates active session while I was asleep and laptop was powered off. This is blocking my daily tasks.,Security,Suspicious Login,CRITICAL,Security
Issue started this morning. ERP system password expired,SAP / Oracle login states credentials have expired and requires IT admin reset. Restarting the system did not resolve the problem.,Account & Access,Password Reset,MEDIUM,IT Helpdesk
Escalation: Production database query deadlocks causing timeouts,Multiple transactions on orders table deadlocking and aborting checkout flows. Impacting ongoing customer deliverables.,Server / Infrastructure,Database Issue,CRITICAL,Infrastructure
Urgent assistance required: AutoCAD freezing on startup splash screen,AutoCAD 2024 hangs at 'Checking license...' and then terminates silently. Error code was captured in screenshot.,Software,Application Crash,HIGH,Software Support
VPN certificate expired,Error message says client certificate has expired and needs renewal from network admin.,Network,VPN,MEDIUM,Network Support
Escalation: Outlook calendar appointments disappeared,Shared team calendar is not syncing and recurring meetings have vanished. Impacting ongoing customer deliverables.,Email,Outlook Problem,HIGH,Email Support
Escalation: Install Postman for API testing,Require Postman desktop client for testing microservices endpoints. Impacting ongoing customer deliverables.,Software,Software Installation,MEDIUM,Software Support
Escalation: WiFi adapter not recognized in laptop,Windows Device Manager shows a yellow exclamation mark next to Intel WiFi 6 AX201. Impacting ongoing customer deliverables.,Network,WiFi,MEDIUM,Network Support
Requesting file restoration from tape backup,Need accidentally deleted folder /var/www/legacy restored from last Friday's backup.,Server / Infrastructure,Backup,HIGH,Infrastructure
Issue started this morning. Cannot access internal git server through VPN,VPN is connected with green status but I cannot ping or clone from gitlab.internal. Restarting the system did not resolve the problem.,Network,VPN,MEDIUM,Network Support
Need immediate help with this. Reverse DNS lookup failure,Mail server is failing reverse PTR checks causing outgoing emails to bounce. Occurred right after rebooting.,Network,DNS,MEDIUM,Network Support
Please assist urgently. Account locked after 3 invalid attempts,My domain account is locked out across all workstations and SSO services. This is blocking my daily tasks.,Account & Access,Login Problem,MEDIUM,IT Helpdesk
Please assist urgently. Clicked suspicious link in unexpected email,I inadvertently clicked on a link in an email claiming to be Microsoft password reset. This is blocking my daily tasks.,Security,Phishing,HIGH,Security
Need immediate help with this. VPN tunnel blocked by home ISP,My ISP appears to be throttling UDP port 4500 and VPN won't establish tunnel. Occurred right after rebooting.,Network,VPN,HIGH,Network Support
Need immediate help with this. WiFi connected but no internet access,"Connected to WiFi with full signal bars, but browser says DNS resolution failed. Occurred right after rebooting.",Network,WiFi,MEDIUM,Network Support
Cannot connect to corporate VPN,Unable to establish VPN connection from home. It says handshake failed or connection timed out.,Network,VPN,HIGH,Network Support
Outlook disconnected from Exchange server,Status bar in Outlook constantly displays Disconnected or Trying to connect.,Email,Outlook Problem,MEDIUM,Email Support
Issue started this morning. Database disk space utilization reached 98%,Postgres WAL archive directory is filling up rapidly; less than 2 GB remaining. Restarting the system did not resolve the problem.,Server / Infrastructure,Database Issue,CRITICAL,Infrastructure
Urgent assistance required: Temporary password not working on first login,IT provided a temporary password but portal says incorrect credentials. Error code was captured in screenshot.,Account & Access,Password Reset,LOW,IT Helpdesk
Please assist urgently. Emails stuck in Outbox and not sending,Outgoing messages with or without attachments stay in Outbox indefinitely. This is blocking my daily tasks.,Email,Email Not Sending,CRITICAL,Email Support
Outlook stuck on 'Loading Profile' splash,Outlook desktop client does not open past the profile loading screen.,Email,Outlook Problem,MEDIUM,Email Support
Help needed: Salesforce desktop plugin crashing Outlook,Add-in for Salesforce causes Outlook to hang during startup in safe mode. Kindly look into this as soon as possible.,Software,Application Crash,HIGH,Software Support
FYI for the helpdesk team. Reverse DNS lookup failure,Mail server is failing reverse PTR checks causing outgoing emails to bounce. Multiple teammates are experiencing this as well.,Network,DNS,HIGH,Network Support
FYI for the helpdesk team. Outlook disconnected from Exchange server,Status bar in Outlook constantly displays Disconnected or Trying to connect. Multiple teammates are experiencing this as well.,Email,Outlook Problem,HIGH,Email Support
Need immediate help with this. WiFi adapter not recognized in laptop,Windows Device Manager shows a yellow exclamation mark next to Intel WiFi 6 AX201. Occurred right after rebooting.,Network,WiFi,LOW,Network Support
Urgent assistance required: Floor 2 HP LaserJet paper jam error 13.00,Paper is stuck in tray 2 and the printer display says Jam in Cartridge Area. Error code was captured in screenshot.,Hardware,Printer,MEDIUM,Hardware Support
Help needed: Second monitor not detected by docking station,Laptop only outputs to built-in screen; external display says No Signal. Kindly look into this as soon as possible.,Hardware,Monitor,MEDIUM,Hardware Support
No internet access on workstation,"Ethernet cable is plugged in, link lights are on, but cannot browse any websites.",Network,Internet Connectivity,HIGH,Network Support
Please assist urgently. USB thumb drive found in parking lot plugged in by mistake,An employee plugged an unknown USB drive found outside into their desktop. This is blocking my daily tasks.,Security,Security Incident,CRITICAL,Security
Please assist urgently. External monitor flickering continuously,Dell 27-inch monitor flickers black every 5 seconds over HDMI and DisplayPort. This is blocking my daily tasks.,Hardware,Monitor,MEDIUM,Hardware Support
Outlook disconnected from Exchange server,Status bar in Outlook constantly displays Disconnected or Trying to connect.,Email,Outlook Problem,LOW,Email Support
Hyper-V host hardware purple screen of death,Host server running 15 virtual machines crashed due to memory parity error.,Server / Infrastructure,Server Down,CRITICAL,Infrastructure
Escalation: Excel crashing when opening financial report,Opening large 50MB spreadsheet causes Excel to crash with Exception code 0xc0000005. Impacting ongoing customer deliverables.,Software,Application Crash,HIGH,Software Support
Help needed: Outlook stuck on 'Loading Profile' splash,Outlook desktop client does not open past the profile loading screen. Kindly look into this as soon as possible.,Email,Outlook Problem,HIGH,Email Support
Escalation: Jira and Confluence project space permissions,Need edit permissions in Jira project board SRE and team documentation space. Impacting ongoing customer deliverables.,Account & Access,Access Request,MEDIUM,IT Helpdesk
Urgent assistance required: Monitor resolution stuck at 1024x768,Display settings won't allow switching to native 2560x1440 resolution. Error code was captured in screenshot.,Hardware,Monitor,MEDIUM,Hardware Support
Receiving multiple targeted phishing emails,Several staff members received email asking to verify credentials urgently.,Email,Spam,MEDIUM,Email Support
AutoCAD freezing on startup splash screen,AutoCAD 2024 hangs at 'Checking license...' and then terminates silently.,Software,Application Crash,HIGH,Software Support
Database replica lag exceeded 30 minutes,Read replica in secondary region is falling behind master causing stale reads.,Server / Infrastructure,Database Issue,CRITICAL,Infrastructure
FYI for the helpdesk team. Workstation displaying weird popups and opening browsers,Browser windows opening automatically to gambling and ad sites every 30 seconds. Multiple teammates are experiencing this as well.,Security,Malware,CRITICAL,Security
Urgent assistance required: Active Directory domain controller replication failed,DC02 is failing Kerberos authentication and replication sync with primary DC01. Error code was captured in screenshot.,Server / Infrastructure,Server Down,CRITICAL,Infrastructure
Issue started this morning. USB-C docking station ports not working,USB flash drives plugged into dock front ports are not detected by Windows. Restarting the system did not resolve the problem.,Hardware,Peripherals,LOW,Hardware Support
FYI for the helpdesk team. Outgoing emails blocked by spam filter,Sent emails are bouncing with SPF/DKIM validation failure message. Multiple teammates are experiencing this as well.,Email,Email Not Sending,MEDIUM,Email Support
FYI for the helpdesk team. Ethernet port on wall plate not working,Plugging into jack D-14 at desk 42 does not provide link light or IP address. Multiple teammates are experiencing this as well.,Network,Internet Connectivity,HIGH,Network Support
Slack crashes every time a call starts,Joining huddles in Slack causes the app to terminate immediately on Windows 11.,Software,Application Crash,MEDIUM,Software Support
Entered credentials on fake login page,"Realized after submitting password that the URL was secure-login-verify.xyz, not company domain.",Security,Phishing,HIGH,Security
Help needed: Remote access VPN speed extremely slow,VPN connection is established but speeds are below 50 Kbps making it impossible to work. Kindly look into this as soon as possible.,Network,VPN,HIGH,Network Support
Escalation: Certificate error when joining 802.1x WiFi,Device prompts for RADIUS server certificate trust and refuses to connect. Impacting ongoing customer deliverables.,Network,WiFi,HIGH,Network Support
Confidential customer data sent to wrong external email address,Mistakenly autofilled incorrect recipient and sent quarterly client PII spreadsheet.,Security,Security Incident,HIGH,Security
Escalation: Session hijacked on corporate portal,Activity log indicates active session while I was asleep and laptop was powered off. Impacting ongoing customer deliverables.,Security,Suspicious Login,CRITICAL,Security
Need immediate help with this. Tableau Desktop license activation error,Tableau activation server unreachable error when activating license key. Occurred right after rebooting.,Software,License Issue,MEDIUM,Software Support
Floor 2 HP LaserJet paper jam error 13.00,Paper is stuck in tray 2 and the printer display says Jam in Cartridge Area.,Hardware,Printer,LOW,Hardware Support
VPN authentication failed,Entering my credentials but VPN says authentication error even though password is correct.,Network,VPN,MEDIUM,Network Support
Help needed: Jabra headset microphone not capturing audio,Can hear callers in Teams meeting but microphone picks up no sound. Kindly look into this as soon as possible.,Hardware,Peripherals,LOW,Hardware Support
macOS Sonoma update bricked display output,"After applying OS patch, secondary monitors are no longer detected.",Software,Update Issue,MEDIUM,Software Support
Workstation displaying weird popups and opening browsers,Browser windows opening automatically to gambling and ad sites every 30 seconds.,Security,Malware,HIGH,Security
Escalation: Entered credentials on fake login page,"Realized after submitting password that the URL was secure-login-verify.xyz, not company domain. Impacting ongoing customer deliverables.",Security,Phishing,CRITICAL,Security
Issue started this morning. Wireless mouse scroll wheel broken,Logitech wireless mouse scroll wheel is spinning freely without scrolling. Restarting the system did not resolve the problem.,Hardware,Peripherals,LOW,Hardware Support
User account disabled message on Windows login,Screen shows 'Your account has been disabled. Please see your system administrator.',Account & Access,Login Problem,HIGH,IT Helpdesk
Suspicious CEO gift card request email,Email purporting to be from CEO asking for employee cell phone numbers.,Email,Spam,MEDIUM,Email Support
Issue started this morning. DNS lookup failed for external domains,Can ping 8.8.8.8 directly by IP but cannot resolve google.com or office.com. Restarting the system did not resolve the problem.,Network,Internet Connectivity,CRITICAL,Network Support
No internet access on workstation,"Ethernet cable is plugged in, link lights are on, but cannot browse any websites.",Network,Internet Connectivity,CRITICAL,Network Support
FYI for the helpdesk team. macOS Sonoma update bricked display output,"After applying OS patch, secondary monitors are no longer detected. Multiple teammates are experiencing this as well.",Software,Update Issue,HIGH,Software Support
WiFi adapter not recognized in laptop,Windows Device Manager shows a yellow exclamation mark next to Intel WiFi 6 AX201.,Network,WiFi,HIGH,Network Support
Urgent assistance required: Production database query deadlocks causing timeouts,Multiple transactions on orders table deadlocking and aborting checkout flows. Error code was captured in screenshot.,Server / Infrastructure,Database Issue,HIGH,Infrastructure
Please install Adobe Acrobat Pro,I need to edit and sign PDF contracts for clients; standard Reader is insufficient.,Software,Software Installation,LOW,Software Support
"Escalation: New phone, need MFA Authenticator reset",I upgraded my smartphone and lost Microsoft Authenticator app 2FA tokens. Impacting ongoing customer deliverables.,Account & Access,MFA,MEDIUM,IT Helpdesk
Escalation: Important client email delayed by 8 hours,Incoming emails are queuing up in mail gateway with severe delivery latency. Impacting ongoing customer deliverables.,Email,Email Not Receiving,CRITICAL,Email Support
Help needed: VPN certificate expired,Error message says client certificate has expired and needs renewal from network admin. Kindly look into this as soon as possible.,Network,VPN,HIGH,Network Support
FYI for the helpdesk team. Nightly automated database backup failed,Veeam / pg_dump job terminated with exit code 1; snapshot could not be committed. Multiple teammates are experiencing this as well.,Server / Infrastructure,Backup,HIGH,Infrastructure
Issue started this morning. Database replica lag exceeded 30 minutes,Read replica in secondary region is falling behind master causing stale reads. Restarting the system did not resolve the problem.,Server / Infrastructure,Database Issue,HIGH,Infrastructure
Outlook search indexing not returning emails,Searching for customer emails in Outlook returns zero results or incomplete list.,Email,Outlook Problem,MEDIUM,Email Support
VPN disconnects every 10 minutes,GlobalProtect / AnyConnect keeps dropping every few minutes disrupting remote desktop.,Network,VPN,HIGH,Network Support
Jira and Confluence project space permissions,Need edit permissions in Jira project board SRE and team documentation space.,Account & Access,Access Request,MEDIUM,IT Helpdesk
Issue started this morning. NodeJS and Git installation approval,Requesting admin privilege or Software Center deployment of Node.js v20 LTS. Restarting the system did not resolve the problem.,Software,Software Installation,LOW,Software Support
Urgent assistance required: SSO login loop on Okta / Azure AD,Attempting to login to internal portal keeps redirecting back to login screen in a loop. Error code was captured in screenshot.,Account & Access,Login Problem,HIGH,IT Helpdesk
Urgent assistance required: Suspicious CEO gift card request email,Email purporting to be from CEO asking for employee cell phone numbers. Error code was captured in screenshot.,Email,Spam,HIGH,Email Support
Unknown PowerShell script executing in background,EDR software alerted on encoded PowerShell command execution under user profile.,Security,Malware,CRITICAL,Security
Please assist urgently. High network latency in design studio,"Ping times to internal file server spiked to 600ms, impacting video editing. This is blocking my daily tasks.",Network,Internet Connectivity,HIGH,Network Support
Help needed: AutoCAD freezing on startup splash screen,AutoCAD 2024 hangs at 'Checking license...' and then terminates silently. Kindly look into this as soon as possible.,Software,Application Crash,HIGH,Software Support
FYI for the helpdesk team. WiFi adapter not recognized in laptop,Windows Device Manager shows a yellow exclamation mark next to Intel WiFi 6 AX201. Multiple teammates are experiencing this as well.,Network,WiFi,MEDIUM,Network Support
Escalation: MFA phone number change request,Changed phone number and cannot receive SMS verification codes for corporate portal. Impacting ongoing customer deliverables.,Account & Access,MFA,MEDIUM,IT Helpdesk
VPN certificate expired,Error message says client certificate has expired and needs renewal from network admin.,Network,VPN,MEDIUM,Network Support
Please assist urgently. Mailbox full quota exceeded error,Cannot receive new incoming emails because mailbox has reached 50 GB limit. This is blocking my daily tasks.,Email,Email Not Receiving,MEDIUM,Email Support
FYI for the helpdesk team. MFA phone number change request,Changed phone number and cannot receive SMS verification codes for corporate portal. Multiple teammates are experiencing this as well.,Account & Access,MFA,HIGH,IT Helpdesk
DNS lookup failed for external domains,Can ping 8.8.8.8 directly by IP but cannot resolve google.com or office.com.,Network,Internet Connectivity,HIGH,Network Support
Escalation: Active Directory domain controller replication failed,DC02 is failing Kerberos authentication and replication sync with primary DC01. Impacting ongoing customer deliverables.,Server / Infrastructure,Server Down,CRITICAL,Infrastructure
Need immediate help with this. Excel crashing when opening financial report,Opening large 50MB spreadsheet causes Excel to crash with Exception code 0xc0000005. Occurred right after rebooting.,Software,Application Crash,CRITICAL,Software Support
Production Linux server unreachable via SSH or ping,Webserver prod-web-01 stopped responding to health checks 10 minutes ago.,Server / Infrastructure,Server Down,CRITICAL,Infrastructure
Help needed: Alert: Login to my corporate account from Russia / Unknown location,Received Microsoft security alert about successful login from unfamiliar IP address. Kindly look into this as soon as possible.,Security,Suspicious Login,CRITICAL,Security
Need immediate help with this. Unable to connect to office WiFi,My laptop sees the Corp-WiFi SSID but fails to obtain an IP address via DHCP. Occurred right after rebooting.,Network,WiFi,MEDIUM,Network Support
Urgent assistance required: Active Directory domain controller replication failed,DC02 is failing Kerberos authentication and replication sync with primary DC01. Error code was captured in screenshot.,Server / Infrastructure,Server Down,HIGH,Infrastructure
External monitor flickering continuously,Dell 27-inch monitor flickers black every 5 seconds over HDMI and DisplayPort.,Hardware,Monitor,LOW,Hardware Support
FYI for the helpdesk team. JetBrains IntelliJ IDEA license key expired,License server says no floating licenses available for IntelliJ Ultimate. Multiple teammates are experiencing this as well.,Software,License Issue,MEDIUM,Software Support
Urgent assistance required: Total datacenter power loss / UPS failure in Server Room B,Main power feed tripped; backup generator engaged but UPS A did not switch cleanly. Error code was captured in screenshot.,Server / Infrastructure,System Outage,HIGH,Infrastructure
Account locked after 3 invalid attempts,My domain account is locked out across all workstations and SSO services.,Account & Access,Login Problem,HIGH,IT Helpdesk
WiFi captive portal not appearing,"When connecting to the guest wireless network, the captive portal login page does not load.",Network,WiFi,HIGH,Network Support
FYI for the helpdesk team. Floor 2 HP LaserJet paper jam error 13.00,Paper is stuck in tray 2 and the printer display says Jam in Cartridge Area. Multiple teammates are experiencing this as well.,Hardware,Printer,LOW,Hardware Support
JetBrains IntelliJ IDEA license key expired,License server says no floating licenses available for IntelliJ Ultimate.,Software,License Issue,MEDIUM,Software Support
Help needed: Mailbox full quota exceeded error,Cannot receive new incoming emails because mailbox has reached 50 GB limit. Kindly look into this as soon as possible.,Email,Email Not Receiving,HIGH,Email Support
FYI for the helpdesk team. No internet access on workstation,"Ethernet cable is plugged in, link lights are on, but cannot browse any websites. Multiple teammates are experiencing this as well.",Network,Internet Connectivity,MEDIUM,Network Support
Please assist urgently. WiFi captive portal not appearing,"When connecting to the guest wireless network, the captive portal login page does not load. This is blocking my daily tasks.",Network,WiFi,MEDIUM,Network Support
Cannot send email to distribution list,Getting error: 'You don't have permission to send to this distribution group.',Email,Email Not Sending,MEDIUM,Email Support
Laptop battery swollen and pushing touchpad,The chassis of my ThinkPad is bulging and the trackpad cannot be clicked. Urgent safety hazard.,Hardware,Laptop,HIGH,Hardware Support
Escalation: Microsoft 365 license expired notification,Word and PowerPoint are showing 'Unlicensed Product' banner and disabled editing. Impacting ongoing customer deliverables.,Software,License Issue,MEDIUM,Software Support
Microsoft 365 license expired notification,Word and PowerPoint are showing 'Unlicensed Product' banner and disabled editing.,Software,License Issue,MEDIUM,Software Support
Please assist urgently. Slow WiFi speeds on 4th floor,Speed test shows under 2 Mbps across the entire marketing floor WiFi access points. This is blocking my daily tasks.,Network,WiFi,MEDIUM,Network Support
Please assist urgently. Cannot connect to corporate VPN,Unable to establish VPN connection from home. It says handshake failed or connection timed out. This is blocking my daily tasks.,Network,VPN,HIGH,Network Support
FYI for the helpdesk team. Laptop keyboard spacebar and enter key broken,Several keys on the built-in keyboard are unresponsive or falling off. Multiple teammates are experiencing this as well.,Hardware,Laptop,MEDIUM,Hardware Support
Please assist urgently. Offsite cloud backup replication sync error,AWS S3 glacier lifecycle replication job timed out with network error. This is blocking my daily tasks.,Server / Infrastructure,Backup,HIGH,Infrastructure
DNS lookup failed for external domains,Can ping 8.8.8.8 directly by IP but cannot resolve google.com or office.com.,Network,Internet Connectivity,CRITICAL,Network Support
Escalation: Outlook OST data file corrupt error,Error message: 'The file C:\Users\user\AppData\outlook.ost cannot be accessed.' Impacting ongoing customer deliverables.,Email,Outlook Problem,HIGH,Email Support
FYI for the helpdesk team. Spear phishing targeting executive assistant,Attacker attempting wire transfer authorization using spoofed CFO email header. Multiple teammates are experiencing this as well.,Security,Phishing,HIGH,Security
Urgent assistance required: Cannot access internal git server through VPN,VPN is connected with green status but I cannot ping or clone from gitlab.internal. Error code was captured in screenshot.,Network,VPN,HIGH,Network Support
FYI for the helpdesk team. Chrome browser update failed with error 7,Chrome cannot update to latest security release on enterprise workstation. Multiple teammates are experiencing this as well.,Software,Update Issue,MEDIUM,Software Support
Printer out of toner cartridge black,Printing documents comes out faint and streaked. Need replacement black toner.,Hardware,Printer,LOW,Hardware Support
Escalation: DNS lookup failed for external domains,Can ping 8.8.8.8 directly by IP but cannot resolve google.com or office.com. Impacting ongoing customer deliverables.,Network,Internet Connectivity,HIGH,Network Support
Urgent assistance required: Alert: Login to my corporate account from Russia / Unknown location,Received Microsoft security alert about successful login from unfamiliar IP address. Error code was captured in screenshot.,Security,Suspicious Login,CRITICAL,Security
Help needed: VPN tunnel blocked by home ISP,My ISP appears to be throttling UDP port 4500 and VPN won't establish tunnel. Kindly look into this as soon as possible.,Network,VPN,HIGH,Network Support
Suspicious CEO gift card request email,Email purporting to be from CEO asking for employee cell phone numbers.,Email,Spam,MEDIUM,Email Support
Urgent assistance required: High network latency in design studio,"Ping times to internal file server spiked to 600ms, impacting video editing. Error code was captured in screenshot.",Network,Internet Connectivity,CRITICAL,Network Support
Escalation: Internal DNS not resolving intranet portals,Attempts to navigate to intranet.company.local result in DNS_PROBE_FINISHED_NXDOMAIN. Impacting ongoing customer deliverables.,Network,DNS,MEDIUM,Network Support
Help needed: Laptop screen cracked / black display,Accidentally dropped backpack and the screen has rainbow lines and cracked LCD. Kindly look into this as soon as possible.,Hardware,Laptop,MEDIUM,Hardware Support
Figma enterprise seat license request,Need editor access to team design files in Figma workspace.,Software,License Issue,HIGH,Software Support
Core switch stack failure in MDF room,Cisco core switch stack member 1 went offline cutting off all VLAN routing.,Server / Infrastructure,System Outage,HIGH,Infrastructure
Please assist urgently. Slow WiFi speeds on 4th floor,Speed test shows under 2 Mbps across the entire marketing floor WiFi access points. This is blocking my daily tasks.,Network,WiFi,MEDIUM,Network Support
Need immediate help with this. Floor 2 HP LaserJet paper jam error 13.00,Paper is stuck in tray 2 and the printer display says Jam in Cartridge Area. Occurred right after rebooting.,Hardware,Printer,MEDIUM,Hardware Support
Help needed: Outlook stuck on 'Loading Profile' splash,Outlook desktop client does not open past the profile loading screen. Kindly look into this as soon as possible.,Email,Outlook Problem,MEDIUM,Email Support
FYI for the helpdesk team. Stale DNS records for staging server,DNS still points to the old decommissioned IP address 10.0.5.21. Multiple teammates are experiencing this as well.,Network,DNS,MEDIUM,Network Support
Need immediate help with this. Figma enterprise seat license request,Need editor access to team design files in Figma workspace. Occurred right after rebooting.,Software,License Issue,MEDIUM,Software Support
FYI for the helpdesk team. Cannot connect to corporate VPN,Unable to establish VPN connection from home. It says handshake failed or connection timed out. Multiple teammates are experiencing this as well.,Network,VPN,HIGH,Network Support
Please assist urgently. Account locked after 3 invalid attempts,My domain account is locked out across all workstations and SSO services. This is blocking my daily tasks.,Account & Access,Login Problem,HIGH,IT Helpdesk
Escalation: Wireless mouse scroll wheel broken,Logitech wireless mouse scroll wheel is spinning freely without scrolling. Impacting ongoing customer deliverables.,Hardware,Peripherals,LOW,Hardware Support
Help needed: Pulse Secure VPN crashing on startup,"Whenever I launch the Pulse Secure VPN app on Windows 11, it crashes immediately. Kindly look into this as soon as possible.",Network,VPN,HIGH,Network Support
Excel crashing when opening financial report,Opening large 50MB spreadsheet causes Excel to crash with Exception code 0xc0000005.,Software,Application Crash,MEDIUM,Software Support
Windows 11 update stuck at 74% loop,Laptop has been rebooting and reverting update KB5034441 for 2 hours.,Software,Update Issue,MEDIUM,Software Support
Need immediate help with this. Shared network drive \\nas01\projects is out of space,Users cannot save files to corporate project storage; disk quota exceeded. Occurred right after rebooting.,Server / Infrastructure,Storage,HIGH,Infrastructure
Help needed: Database replica lag exceeded 30 minutes,Read replica in secondary region is falling behind master causing stale reads. Kindly look into this as soon as possible.,Server / Infrastructure,Database Issue,CRITICAL,Infrastructure
USB-C docking station ports not working,USB flash drives plugged into dock front ports are not detected by Windows.,Hardware,Peripherals,MEDIUM,Hardware Support
PostgreSQL primary database connection pool exhausted,Application logs show 'FATAL: remaining connection slots are reserved for non-replication superuser connections'.,Server / Infrastructure,Database Issue,CRITICAL,Infrastructure
Clicked suspicious link in unexpected email,I inadvertently clicked on a link in an email claiming to be Microsoft password reset.,Security,Phishing,HIGH,Security
Issue started this morning. MFA push notifications not received on mobile,Authenticator app is not popping up push requests to approve login. Restarting the system did not resolve the problem.,Account & Access,MFA,MEDIUM,IT Helpdesk
FYI for the helpdesk team. Dead pixels line across display,A vertical pink line has appeared down the center of my secondary screen. Multiple teammates are experiencing this as well.,Hardware,Monitor,MEDIUM,Hardware Support
Urgent assistance required: Outlook OST data file corrupt error,Error message: 'The file C:\Users\user\AppData\outlook.ost cannot be accessed.' Error code was captured in screenshot.,Email,Outlook Problem,MEDIUM,Email Support
Need immediate help with this. ERP system password expired,SAP / Oracle login states credentials have expired and requires IT admin reset. Occurred right after rebooting.,Account & Access,Password Reset,MEDIUM,IT Helpdesk
Please assist urgently. VPN client installation error,"When trying to install the Cisco VPN client on macOS, the installer throws error 1722. This is blocking my daily tasks.",Network,VPN,HIGH,Network Support
Outlook search indexing not returning emails,Searching for customer emails in Outlook returns zero results or incomplete list.,Email,Outlook Problem,HIGH,Email Support
Urgent assistance required: Cannot send email to distribution list,Getting error: 'You don't have permission to send to this distribution group.' Error code was captured in screenshot.,Email,Email Not Sending,CRITICAL,Email Support
Need immediate help with this. Visual Studio Code memory leak and crash,VS Code consumes 16 GB RAM within 30 minutes and freezes the operating system. Occurred right after rebooting.,Software,Application Crash,HIGH,Software Support
Help needed: WiFi connected but no internet access,"Connected to WiFi with full signal bars, but browser says DNS resolution failed. Kindly look into this as soon as possible.",Network,WiFi,HIGH,Network Support
Help needed: SAN storage volume degraded on LUN 3,Storage array controller reporting failed drive in RAID 6 group. Kindly look into this as soon as possible.,Server / Infrastructure,Storage,MEDIUM,Infrastructure
Urgent assistance required: Touchpad unresponsive on Dell Latitude,Cursor doesn't move when using the trackpad; external USB mouse works fine. Error code was captured in screenshot.,Hardware,Laptop,LOW,Hardware Support
Escalation: Emails going directly to Junk / Spam folder,Legitimate internal communication from HR is being routed to Spam folder. Impacting ongoing customer deliverables.,Email,Email Not Receiving,HIGH,Email Support
Urgent assistance required: Database disk space utilization reached 98%,Postgres WAL archive directory is filling up rapidly; less than 2 GB remaining. Error code was captured in screenshot.,Server / Infrastructure,Database Issue,CRITICAL,Infrastructure
Issue started this morning. Install Zoom client for upcoming client presentation,Software Center installation of Zoom failed with error code 1603. Restarting the system did not resolve the problem.,Software,Software Installation,LOW,Software Support
Escalation: Intermittent packet loss on office LAN,Experiencing 25% packet loss when pinging local gateway 192.168.1.1. Impacting ongoing customer deliverables.,Network,Internet Connectivity,HIGH,Network Support
Please assist urgently. Multiple failed login attempts during midnight hours,Security log shows 400 failed login attempts against my username. This is blocking my daily tasks.,Security,Suspicious Login,HIGH,Security
Urgent assistance required: Workstation displaying weird popups and opening browsers,Browser windows opening automatically to gambling and ad sites every 30 seconds. Error code was captured in screenshot.,Security,Malware,CRITICAL,Security
FYI for the helpdesk team. VPN certificate expired,Error message says client certificate has expired and needs renewal from network admin. Multiple teammates are experiencing this as well.,Network,VPN,CRITICAL,Network Support
Need immediate help with this. Multiple failed login attempts during midnight hours,Security log shows 400 failed login attempts against my username. Occurred right after rebooting.,Security,Suspicious Login,CRITICAL,Security
Please assist urgently. Offsite cloud backup replication sync error,AWS S3 glacier lifecycle replication job timed out with network error. This is blocking my daily tasks.,Server / Infrastructure,Backup,MEDIUM,Infrastructure
FYI for the helpdesk team. Floor 2 HP LaserJet paper jam error 13.00,Paper is stuck in tray 2 and the printer display says Jam in Cartridge Area. Multiple teammates are experiencing this as well.,Hardware,Printer,HIGH,Hardware Support
Urgent assistance required: Wireless mouse scroll wheel broken,Logitech wireless mouse scroll wheel is spinning freely without scrolling. Error code was captured in screenshot.,Hardware,Peripherals,LOW,Hardware Support
Help needed: Need access to GitHub organization repository,"Starting on Project Apollo, please add my GitHub user to backend engineering team. Kindly look into this as soon as possible.",Account & Access,Access Request,MEDIUM,IT Helpdesk
Core API server unresponsive with HTTP 502/504 errors,NGINX reverse proxy is throwing 502 Bad Gateway for all client traffic to main backend.,Server / Infrastructure,Server Down,CRITICAL,Infrastructure
Please assist urgently. Spear phishing targeting executive assistant,Attacker attempting wire transfer authorization using spoofed CFO email header. This is blocking my daily tasks.,Security,Phishing,CRITICAL,Security
Please assist urgently. Laptop fan making loud grinding noise and overheating,The cooling fan is rattling loudly and the CPU throttles to 0.4 GHz. This is blocking my daily tasks.,Hardware,Laptop,HIGH,Hardware Support
Please assist urgently. Production Kubernetes cluster node kernel panic,Worker node 04 crashed with kernel panic; pods evicting to remaining nodes. This is blocking my daily tasks.,Server / Infrastructure,Server Down,CRITICAL,Infrastructure
Escalation: Production database query deadlocks causing timeouts,Multiple transactions on orders table deadlocking and aborting checkout flows. Impacting ongoing customer deliverables.,Server / Infrastructure,Database Issue,HIGH,Infrastructure
Help needed: Unable to reset password via SMS OTP,OTP code for password reset is not arriving on my registered mobile device. Kindly look into this as soon as possible.,Account & Access,Password Reset,LOW,IT Helpdesk
Help needed: Outlook OST data file corrupt error,Error message: 'The file C:\Users\user\AppData\outlook.ost cannot be accessed.' Kindly look into this as soon as possible.,Email,Outlook Problem,MEDIUM,Email Support
Urgent assistance required: VPN routing issues with subnet,Unable to access 10.200.x.x subnet while on corporate VPN. Error code was captured in screenshot.,Network,VPN,HIGH,Network Support
Bounce back error 550 Relaying denied,Sending email to client domains results in NDR error 5.7.1 Access denied.,Email,Email Not Sending,CRITICAL,Email Support
Please assist urgently. VPN routing issues with subnet,Unable to access 10.200.x.x subnet while on corporate VPN. This is blocking my daily tasks.,Network,VPN,HIGH,Network Support
Urgent assistance required: Production Kubernetes cluster node kernel panic,Worker node 04 crashed with kernel panic; pods evicting to remaining nodes. Error code was captured in screenshot.,Server / Infrastructure,Server Down,CRITICAL,Infrastructure
Laptop won't power on at all,"Pressing power button produces no fan noise, charging LED doesn't light up.",Hardware,Laptop,MEDIUM,Hardware Support
VPN authentication failed,Entering my credentials but VPN says authentication error even though password is correct.,Network,VPN,HIGH,Network Support
Escalation: External USB keyboard typing double letters,Keys chattering: typing 'e' produces 'ee' on the mechanical keyboard. Impacting ongoing customer deliverables.,Hardware,Peripherals,LOW,Hardware Support
Escalation: Unable to connect to office WiFi,My laptop sees the Corp-WiFi SSID but fails to obtain an IP address via DHCP. Impacting ongoing customer deliverables.,Network,WiFi,MEDIUM,Network Support
Reverse DNS lookup failure,Mail server is failing reverse PTR checks causing outgoing emails to bounce.,Network,DNS,MEDIUM,Network Support
Help needed: Session hijacked on corporate portal,Activity log indicates active session while I was asleep and laptop was powered off. Kindly look into this as soon as possible.,Security,Suspicious Login,CRITICAL,Security
Issue started this morning. Hyper-V host hardware purple screen of death,Host server running 15 virtual machines crashed due to memory parity error. Restarting the system did not resolve the problem.,Server / Infrastructure,Server Down,CRITICAL,Infrastructure
Urgent assistance required: Cannot access internal git server through VPN,VPN is connected with green status but I cannot ping or clone from gitlab.internal. Error code was captured in screenshot.,Network,VPN,HIGH,Network Support
Need immediate help with this. Alert: Login to my corporate account from Russia / Unknown location,Received Microsoft security alert about successful login from unfamiliar IP address. Occurred right after rebooting.,Security,Suspicious Login,HIGH,Security
Help needed: Printer out of toner cartridge black,Printing documents comes out faint and streaked. Need replacement black toner. Kindly look into this as soon as possible.,Hardware,Printer,MEDIUM,Hardware Support
FYI for the helpdesk team. Install Zoom client for upcoming client presentation,Software Center installation of Zoom failed with error code 1603. Multiple teammates are experiencing this as well.,Software,Software Installation,LOW,Software Support
Urgent assistance required: Outlook disconnected from Exchange server,Status bar in Outlook constantly displays Disconnected or Trying to connect. Error code was captured in screenshot.,Email,Outlook Problem,MEDIUM,Email Support
Please assist urgently. SAN storage volume degraded on LUN 3,Storage array controller reporting failed drive in RAID 6 group. This is blocking my daily tasks.,Server / Infrastructure,Storage,MEDIUM,Infrastructure
Help needed: High network latency in design studio,"Ping times to internal file server spiked to 600ms, impacting video editing. Kindly look into this as soon as possible.",Network,Internet Connectivity,HIGH,Network Support
Issue started this morning. Outlook calendar appointments disappeared,Shared team calendar is not syncing and recurring meetings have vanished. Restarting the system did not resolve the problem.,Email,Outlook Problem,HIGH,Email Support
Please assist urgently. Remote access VPN speed extremely slow,VPN connection is established but speeds are below 50 Kbps making it impossible to work. This is blocking my daily tasks.,Network,VPN,HIGH,Network Support
FYI for the helpdesk team. Outlook disconnected from Exchange server,Status bar in Outlook constantly displays Disconnected or Trying to connect. Multiple teammates are experiencing this as well.,Email,Outlook Problem,HIGH,Email Support
Issue started this morning. Intermittent packet loss on office LAN,Experiencing 25% packet loss when pinging local gateway 192.168.1.1. Restarting the system did not resolve the problem.,Network,Internet Connectivity,HIGH,Network Support
FYI for the helpdesk team. Session hijacked on corporate portal,Activity log indicates active session while I was asleep and laptop was powered off. Multiple teammates are experiencing this as well.,Security,Suspicious Login,HIGH,Security
Help needed: Chrome browser update failed with error 7,Chrome cannot update to latest security release on enterprise workstation. Kindly look into this as soon as possible.,Software,Update Issue,HIGH,Software Support
Need immediate help with this. Production Linux server unreachable via SSH or ping,Webserver prod-web-01 stopped responding to health checks 10 minutes ago. Occurred right after rebooting.,Server / Infrastructure,Server Down,CRITICAL,Infrastructure
Need immediate help with this. Company-wide intranet and ERP completely inaccessible,"All employees in North America region unable to access ERP, HR portal, or intranet. Occurred right after rebooting.",Server / Infrastructure,System Outage,CRITICAL,Infrastructure
FYI for the helpdesk team. Network printer offline in Windows print queue,Sending print jobs to HR-Printer-01 sits in spooler status Offline. Multiple teammates are experiencing this as well.,Hardware,Printer,MEDIUM,Hardware Support
NFS mount stale file handle on backup server,Backup script failing because NFS export becomes unreachable during sync.,Server / Infrastructure,Storage,MEDIUM,Infrastructure
Need immediate help with this. Tableau Desktop license activation error,Tableau activation server unreachable error when activating license key. Occurred right after rebooting.,Software,License Issue,HIGH,Software Support
FYI for the helpdesk team. Laptop fan making loud grinding noise and overheating,The cooling fan is rattling loudly and the CPU throttles to 0.4 GHz. Multiple teammates are experiencing this as well.,Hardware,Laptop,HIGH,Hardware Support
External USB keyboard typing double letters,Keys chattering: typing 'e' produces 'ee' on the mechanical keyboard.,Hardware,Peripherals,LOW,Hardware Support
Escalation: Windows 11 update stuck at 74% loop,Laptop has been rebooting and reverting update KB5034441 for 2 hours. Impacting ongoing customer deliverables.,Software,Update Issue,MEDIUM,Software Support
VPN disconnects every 10 minutes,GlobalProtect / AnyConnect keeps dropping every few minutes disrupting remote desktop.,Network,VPN,MEDIUM,Network Support
FYI for the helpdesk team. Guest WiFi password not working,Visitors in our reception area cannot authenticate to Corp-Guest network. Multiple teammates are experiencing this as well.,Network,WiFi,HIGH,Network Support
Need immediate help with this. Forgot Active Directory / Windows password,Returned from vacation and cannot recall my domain password. Locked out of PC. Occurred right after rebooting.,Account & Access,Password Reset,MEDIUM,IT Helpdesk
Urgent assistance required: SAN storage volume degraded on LUN 3,Storage array controller reporting failed drive in RAID 6 group. Error code was captured in screenshot.,Server / Infrastructure,Storage,MEDIUM,Infrastructure
Please assist urgently. Forgot Active Directory / Windows password,Returned from vacation and cannot recall my domain password. Locked out of PC. This is blocking my daily tasks.,Account & Access,Password Reset,MEDIUM,IT Helpdesk
Slack crashes every time a call starts,Joining huddles in Slack causes the app to terminate immediately on Windows 11.,Software,Application Crash,MEDIUM,Software Support
Urgent assistance required: AutoCAD freezing on startup splash screen,AutoCAD 2024 hangs at 'Checking license...' and then terminates silently. Error code was captured in screenshot.,Software,Application Crash,HIGH,Software Support
Issue started this morning. Second monitor not detected by docking station,Laptop only outputs to built-in screen; external display says No Signal. Restarting the system did not resolve the problem.,Hardware,Monitor,MEDIUM,Hardware Support
Help needed: External monitor flickering continuously,Dell 27-inch monitor flickers black every 5 seconds over HDMI and DisplayPort. Kindly look into this as soon as possible.,Hardware,Monitor,MEDIUM,Hardware Support
Please assist urgently. Requesting Python and Docker desktop installation,Need local development tools installed on my workstation for new project. This is blocking my daily tasks.,Software,Software Installation,MEDIUM,Software Support
YubiKey hardware token not recognized for MFA,FIDO2 security key fails when tapping for multi-factor authentication.,Account & Access,MFA,HIGH,IT Helpdesk
Lost company laptop on public transit,Left encrypted MacBook Pro on the train this morning. Need remote wipe immediately.,Security,Security Incident,CRITICAL,Security
Help needed: Ransomware note displayed on desktop background,Files have .locked extension and a text file demands cryptocurrency payment. Disconnected from LAN. Kindly look into this as soon as possible.,Security,Malware,CRITICAL,Security
Need immediate help with this. NFS mount stale file handle on backup server,Backup script failing because NFS export becomes unreachable during sync. Occurred right after rebooting.,Server / Infrastructure,Storage,HIGH,Infrastructure
Suspicious CEO gift card request email,Email purporting to be from CEO asking for employee cell phone numbers.,Email,Spam,MEDIUM,Email Support
Laptop screen cracked / black display,Accidentally dropped backpack and the screen has rainbow lines and cracked LCD.,Hardware,Laptop,HIGH,Hardware Support
Issue started this morning. Hyper-V host hardware purple screen of death,Host server running 15 virtual machines crashed due to memory parity error. Restarting the system did not resolve the problem.,Server / Infrastructure,Server Down,CRITICAL,Infrastructure
Urgent assistance required: Slack crashes every time a call starts,Joining huddles in Slack causes the app to terminate immediately on Windows 11. Error code was captured in screenshot.,Software,Application Crash,HIGH,Software Support
Help needed: Request access to Finance shared network drive,Need read/write permissions to \fileserver\finance\quarterly-reports for audit. Kindly look into this as soon as possible.,Account & Access,Access Request,HIGH,IT Helpdesk
Issue started this morning. Unable to reset password via SMS OTP,OTP code for password reset is not arriving on my registered mobile device. Restarting the system did not resolve the problem.,Account & Access,Password Reset,MEDIUM,IT Helpdesk
FYI for the helpdesk team. DNS lookup failed for external domains,Can ping 8.8.8.8 directly by IP but cannot resolve google.com or office.com. Multiple teammates are experiencing this as well.,Network,Internet Connectivity,MEDIUM,Network Support
Help needed: AWS IAM console read-only access request,Requesting AWS sandbox account access for cloud architecture evaluation. Kindly look into this as soon as possible.,Account & Access,Access Request,HIGH,IT Helpdesk
Spam filter letting through malicious invoice attachments,Spoofed emails with zip attachments bypassing Office 365 spam filters.,Email,Spam,MEDIUM,Email Support
Issue started this morning. MFA push notifications not received on mobile,Authenticator app is not popping up push requests to approve login. Restarting the system did not resolve the problem.,Account & Access,MFA,MEDIUM,IT Helpdesk
Please assist urgently. Certificate error when joining 802.1x WiFi,Device prompts for RADIUS server certificate trust and refuses to connect. This is blocking my daily tasks.,Network,WiFi,LOW,Network Support
Urgent assistance required: Emails stuck in Outbox and not sending,Outgoing messages with or without attachments stay in Outbox indefinitely. Error code was captured in screenshot.,Email,Email Not Sending,MEDIUM,Email Support
Urgent assistance required: JetBrains IntelliJ IDEA license key expired,License server says no floating licenses available for IntelliJ Ultimate. Error code was captured in screenshot.,Software,License Issue,MEDIUM,Software Support
Help needed: Laptop fan making loud grinding noise and overheating,The cooling fan is rattling loudly and the CPU throttles to 0.4 GHz. Kindly look into this as soon as possible.,Hardware,Laptop,MEDIUM,Hardware Support
Antivirus pop-up: Trojan.Win32 detected and quarantined,Windows Defender alerted about suspicious executable found in Temp directory.,Security,Malware,HIGH,Security
Important client email delayed by 8 hours,Incoming emails are queuing up in mail gateway with severe delivery latency.,Email,Email Not Receiving,HIGH,Email Support
Please assist urgently. Network printer offline in Windows print queue,Sending print jobs to HR-Printer-01 sits in spooler status Offline. This is blocking my daily tasks.,Hardware,Printer,LOW,Hardware Support
Receiving multiple targeted phishing emails,Several staff members received email asking to verify credentials urgently.,Email,Spam,MEDIUM,Email Support
Not receiving external emails from clients,"Colleagues can email me internally, but no external emails are arriving today.",Email,Email Not Receiving,HIGH,Email Support
Touchpad unresponsive on Dell Latitude,Cursor doesn't move when using the trackpad; external USB mouse works fine.,Hardware,Laptop,MEDIUM,Hardware Support
Help needed: USB-C docking station ports not working,USB flash drives plugged into dock front ports are not detected by Windows. Kindly look into this as soon as possible.,Hardware,Peripherals,LOW,Hardware Support
Need immediate help with this. Core switch stack failure in MDF room,Cisco core switch stack member 1 went offline cutting off all VLAN routing. Occurred right after rebooting.,Server / Infrastructure,System Outage,CRITICAL,Infrastructure
Need immediate help with this. Laptop screen cracked / black display,Accidentally dropped backpack and the screen has rainbow lines and cracked LCD. Occurred right after rebooting.,Hardware,Laptop,MEDIUM,Hardware Support
Help needed: Database replica lag exceeded 30 minutes,Read replica in secondary region is falling behind master causing stale reads. Kindly look into this as soon as possible.,Server / Infrastructure,Database Issue,CRITICAL,Infrastructure
Issue started this morning. Figma enterprise seat license request,Need editor access to team design files in Figma workspace. Restarting the system did not resolve the problem.,Software,License Issue,LOW,Software Support
Request access to Finance shared network drive,Need read/write permissions to \fileserver\finance\quarterly-reports for audit.,Account & Access,Access Request,LOW,IT Helpdesk
FYI for the helpdesk team. Alert: Login to my corporate account from Russia / Unknown location,Received Microsoft security alert about successful login from unfamiliar IP address. Multiple teammates are experiencing this as well.,Security,Suspicious Login,CRITICAL,Security
Lost company laptop on public transit,Left encrypted MacBook Pro on the train this morning. Need remote wipe immediately.,Security,Security Incident,CRITICAL,Security
FYI for the helpdesk team. Jira and Confluence project space permissions,Need edit permissions in Jira project board SRE and team documentation space. Multiple teammates are experiencing this as well.,Account & Access,Access Request,MEDIUM,IT Helpdesk
Dead pixels line across display,A vertical pink line has appeared down the center of my secondary screen.,Hardware,Monitor,MEDIUM,Hardware Support
Need immediate help with this. Need access to GitHub organization repository,"Starting on Project Apollo, please add my GitHub user to backend engineering team. Occurred right after rebooting.",Account & Access,Access Request,LOW,IT Helpdesk
Help needed: Dead pixels line across display,A vertical pink line has appeared down the center of my secondary screen. Kindly look into this as soon as possible.,Hardware,Monitor,MEDIUM,Hardware Support
Need immediate help with this. Guest WiFi password not working,Visitors in our reception area cannot authenticate to Corp-Guest network. Occurred right after rebooting.,Network,WiFi,MEDIUM,Network Support
"Issue started this morning. New phone, need MFA Authenticator reset",I upgraded my smartphone and lost Microsoft Authenticator app 2FA tokens. Restarting the system did not resolve the problem.,Account & Access,MFA,HIGH,IT Helpdesk
Escalation: Cannot login to workstation with smart card,PIN is entered correctly but smart card reader shows error 0x80090016. Impacting ongoing customer deliverables.,Account & Access,Login Problem,HIGH,IT Helpdesk
Help needed: Jira and Confluence project space permissions,Need edit permissions in Jira project board SRE and team documentation space. Kindly look into this as soon as possible.,Account & Access,Access Request,HIGH,IT Helpdesk
Issue started this morning. VPN disconnects every 10 minutes,GlobalProtect / AnyConnect keeps dropping every few minutes disrupting remote desktop. Restarting the system did not resolve the problem.,Network,VPN,MEDIUM,Network Support
Urgent assistance required: Emails going directly to Junk / Spam folder,Legitimate internal communication from HR is being routed to Spam folder. Error code was captured in screenshot.,Email,Email Not Receiving,HIGH,Email Support
Escalation: Install Postman for API testing,Require Postman desktop client for testing microservices endpoints. Impacting ongoing customer deliverables.,Software,Software Installation,LOW,Software Support
Need immediate help with this. Visual Studio Code memory leak and crash,VS Code consumes 16 GB RAM within 30 minutes and freezes the operating system. Occurred right after rebooting.,Software,Application Crash,MEDIUM,Software Support
Shared network drive \\nas01\projects is out of space,Users cannot save files to corporate project storage; disk quota exceeded.,Server / Infrastructure,Storage,HIGH,Infrastructure
Escalation: Clicked suspicious link in unexpected email,I inadvertently clicked on a link in an email claiming to be Microsoft password reset. Impacting ongoing customer deliverables.,Security,Phishing,HIGH,Security
Urgent assistance required: Ransomware note displayed on desktop background,Files have .locked extension and a text file demands cryptocurrency payment. Disconnected from LAN. Error code was captured in screenshot.,Security,Malware,HIGH,Security
Please assist urgently. Touchpad unresponsive on Dell Latitude,Cursor doesn't move when using the trackpad; external USB mouse works fine. This is blocking my daily tasks.,Hardware,Laptop,MEDIUM,Hardware Support
Please assist urgently. Spear phishing targeting executive assistant,Attacker attempting wire transfer authorization using spoofed CFO email header. This is blocking my daily tasks.,Security,Phishing,CRITICAL,Security
Escalation: Nightly automated database backup failed,Veeam / pg_dump job terminated with exit code 1; snapshot could not be committed. Impacting ongoing customer deliverables.,Server / Infrastructure,Backup,CRITICAL,Infrastructure
Escalation: Printer leaving black smudge across pages,"Drum unit appears dirty, leaving horizontal stripes on every printed invoice. Impacting ongoing customer deliverables.",Hardware,Printer,MEDIUM,Hardware Support
Install Postman for API testing,Require Postman desktop client for testing microservices endpoints.,Software,Software Installation,LOW,Software Support
FYI for the helpdesk team. Password reset link expired or invalid,Self-service password reset portal says security questions are not configured. Multiple teammates are experiencing this as well.,Account & Access,Password Reset,HIGH,IT Helpdesk
Need immediate help with this. Antivirus pop-up: Trojan.Win32 detected and quarantined,Windows Defender alerted about suspicious executable found in Temp directory. Occurred right after rebooting.,Security,Malware,HIGH,Security
Issue started this morning. Cannot login to workstation with smart card,PIN is entered correctly but smart card reader shows error 0x80090016. Restarting the system did not resolve the problem.,Account & Access,Login Problem,HIGH,IT Helpdesk
Need immediate help with this. Salesforce desktop plugin crashing Outlook,Add-in for Salesforce causes Outlook to hang during startup in safe mode. Occurred right after rebooting.,Software,Application Crash,CRITICAL,Software Support
Escalation: ERP system password expired,SAP / Oracle login states credentials have expired and requires IT admin reset. Impacting ongoing customer deliverables.,Account & Access,Password Reset,LOW,IT Helpdesk
Database disk space utilization reached 98%,Postgres WAL archive directory is filling up rapidly; less than 2 GB remaining.,Server / Infrastructure,Database Issue,HIGH,Infrastructure
Need immediate help with this. Unable to reset password via SMS OTP,OTP code for password reset is not arriving on my registered mobile device. Occurred right after rebooting.,Account & Access,Password Reset,MEDIUM,IT Helpdesk
Need immediate help with this. VPN authentication failed,Entering my credentials but VPN says authentication error even though password is correct. Occurred right after rebooting.,Network,VPN,HIGH,Network Support
AWS IAM console read-only access request,Requesting AWS sandbox account access for cloud architecture evaluation.,Account & Access,Access Request,LOW,IT Helpdesk
Help needed: Account locked after 3 invalid attempts,My domain account is locked out across all workstations and SSO services. Kindly look into this as soon as possible.,Account & Access,Login Problem,HIGH,IT Helpdesk
Outlook calendar appointments disappeared,Shared team calendar is not syncing and recurring meetings have vanished.,Email,Outlook Problem,LOW,Email Support
Not receiving external emails from clients,"Colleagues can email me internally, but no external emails are arriving today.",Email,Email Not Receiving,HIGH,Email Support
Need immediate help with this. Laptop won't power on at all,"Pressing power button produces no fan noise, charging LED doesn't light up. Occurred right after rebooting.",Hardware,Laptop,HIGH,Hardware Support
FYI for the helpdesk team. Charger cable frayed and spark noticed,The USB-C power adapter cable is frayed near the brick and needs replacement. Multiple teammates are experiencing this as well.,Hardware,Laptop,HIGH,Hardware Support
Help needed: VPN disconnects every 10 minutes,GlobalProtect / AnyConnect keeps dropping every few minutes disrupting remote desktop. Kindly look into this as soon as possible.,Network,VPN,HIGH,Network Support
Help needed: Printer leaving black smudge across pages,"Drum unit appears dirty, leaving horizontal stripes on every printed invoice. Kindly look into this as soon as possible.",Hardware,Printer,LOW,Hardware Support
Please assist urgently. Emails going directly to Junk / Spam folder,Legitimate internal communication from HR is being routed to Spam folder. This is blocking my daily tasks.,Email,Email Not Receiving,CRITICAL,Email Support
FYI for the helpdesk team. Requesting file restoration from tape backup,Need accidentally deleted folder /var/www/legacy restored from last Friday's backup. Multiple teammates are experiencing this as well.,Server / Infrastructure,Backup,MEDIUM,Infrastructure
Issue started this morning. Wireless mouse scroll wheel broken,Logitech wireless mouse scroll wheel is spinning freely without scrolling. Restarting the system did not resolve the problem.,Hardware,Peripherals,LOW,Hardware Support
Excel crashing when opening financial report,Opening large 50MB spreadsheet causes Excel to crash with Exception code 0xc0000005.,Software,Application Crash,CRITICAL,Software Support
Issue started this morning. Cannot send email to distribution list,Getting error: 'You don't have permission to send to this distribution group.' Restarting the system did not resolve the problem.,Email,Email Not Sending,HIGH,Email Support
Hyper-V host hardware purple screen of death,Host server running 15 virtual machines crashed due to memory parity error.,Server / Infrastructure,Server Down,CRITICAL,Infrastructure
Urgent assistance required: Database disk space utilization reached 98%,Postgres WAL archive directory is filling up rapidly; less than 2 GB remaining. Error code was captured in screenshot.,Server / Infrastructure,Database Issue,CRITICAL,Infrastructure
Issue started this morning. Requesting Python and Docker desktop installation,Need local development tools installed on my workstation for new project. Restarting the system did not resolve the problem.,Software,Software Installation,MEDIUM,Software Support
Need immediate help with this. Reverse DNS lookup failure,Mail server is failing reverse PTR checks causing outgoing emails to bounce. Occurred right after rebooting.,Network,DNS,MEDIUM,Network Support
Core switch stack failure in MDF room,Cisco core switch stack member 1 went offline cutting off all VLAN routing.,Server / Infrastructure,System Outage,CRITICAL,Infrastructure
Issue started this morning. Chrome browser update failed with error 7,Chrome cannot update to latest security release on enterprise workstation. Restarting the system did not resolve the problem.,Software,Update Issue,MEDIUM,Software Support
Urgent assistance required: WiFi connected but no internet access,"Connected to WiFi with full signal bars, but browser says DNS resolution failed. Error code was captured in screenshot.",Network,WiFi,MEDIUM,Network Support
Issue started this morning. Workstation displaying weird popups and opening browsers,Browser windows opening automatically to gambling and ad sites every 30 seconds. Restarting the system did not resolve the problem.,Security,Malware,HIGH,Security
USB thumb drive found in parking lot plugged in by mistake,An employee plugged an unknown USB drive found outside into their desktop.,Security,Security Incident,HIGH,Security
Help needed: Cannot login to workstation with smart card,PIN is entered correctly but smart card reader shows error 0x80090016. Kindly look into this as soon as possible.,Account & Access,Login Problem,HIGH,IT Helpdesk
Urgent assistance required: Office WiFi keeps dropping connection,The 5GHz WiFi in conference room 3B drops connections every few minutes. Error code was captured in screenshot.,Network,WiFi,HIGH,Network Support
Please assist urgently. Cannot login to workstation with smart card,PIN is entered correctly but smart card reader shows error 0x80090016. This is blocking my daily tasks.,Account & Access,Login Problem,HIGH,IT Helpdesk
Please assist urgently. Session hijacked on corporate portal,Activity log indicates active session while I was asleep and laptop was powered off. This is blocking my daily tasks.,Security,Suspicious Login,CRITICAL,Security
Need immediate help with this. Multiple failed login attempts during midnight hours,Security log shows 400 failed login attempts against my username. Occurred right after rebooting.,Security,Suspicious Login,CRITICAL,Security
Printer out of toner cartridge black,Printing documents comes out faint and streaked. Need replacement black toner.,Hardware,Printer,LOW,Hardware Support
Help needed: USB-C docking station ports not working,USB flash drives plugged into dock front ports are not detected by Windows. Kindly look into this as soon as possible.,Hardware,Peripherals,LOW,Hardware Support
Need immediate help with this. Spam filter letting through malicious invoice attachments,Spoofed emails with zip attachments bypassing Office 365 spam filters. Occurred right after rebooting.,Email,Spam,HIGH,Email Support
Issue started this morning. Lost company laptop on public transit,Left encrypted MacBook Pro on the train this morning. Need remote wipe immediately. Restarting the system did not resolve the problem.,Security,Security Incident,CRITICAL,Security
Escalation: Office WiFi keeps dropping connection,The 5GHz WiFi in conference room 3B drops connections every few minutes. Impacting ongoing customer deliverables.,Network,WiFi,MEDIUM,Network Support
Help needed: VPN client installation error,"When trying to install the Cisco VPN client on macOS, the installer throws error 1722. Kindly look into this as soon as possible.",Network,VPN,HIGH,Network Support
FYI for the helpdesk team. Password reset link expired or invalid,Self-service password reset portal says security questions are not configured. Multiple teammates are experiencing this as well.,Account & Access,Password Reset,LOW,IT Helpdesk
Need immediate help with this. NFS mount stale file handle on backup server,Backup script failing because NFS export becomes unreachable during sync. Occurred right after rebooting.,Server / Infrastructure,Storage,HIGH,Infrastructure
Suspicious CEO gift card request email,Email purporting to be from CEO asking for employee cell phone numbers.,Email,Spam,MEDIUM,Email Support
FYI for the helpdesk team. Shared network drive \\nas01\projects is out of space,Users cannot save files to corporate project storage; disk quota exceeded. Multiple teammates are experiencing this as well.,Server / Infrastructure,Storage,HIGH,Infrastructure
Jabra headset microphone not capturing audio,Can hear callers in Teams meeting but microphone picks up no sound.,Hardware,Peripherals,MEDIUM,Hardware Support
Urgent assistance required: Please install Adobe Acrobat Pro,I need to edit and sign PDF contracts for clients; standard Reader is insufficient. Error code was captured in screenshot.,Software,Software Installation,LOW,Software Support
Certificate error when joining 802.1x WiFi,Device prompts for RADIUS server certificate trust and refuses to connect.,Network,WiFi,LOW,Network Support
Help needed: Ransomware note displayed on desktop background,Files have .locked extension and a text file demands cryptocurrency payment. Disconnected from LAN. Kindly look into this as soon as possible.,Security,Malware,HIGH,Security
ERP system password expired,SAP / Oracle login states credentials have expired and requires IT admin reset.,Account & Access,Password Reset,HIGH,IT Helpdesk
Please assist urgently. Antivirus pop-up: Trojan.Win32 detected and quarantined,Windows Defender alerted about suspicious executable found in Temp directory. This is blocking my daily tasks.,Security,Malware,CRITICAL,Security
Please assist urgently. Laptop won't power on at all,"Pressing power button produces no fan noise, charging LED doesn't light up. This is blocking my daily tasks.",Hardware,Laptop,HIGH,Hardware Support
Please assist urgently. Core API server unresponsive with HTTP 502/504 errors,NGINX reverse proxy is throwing 502 Bad Gateway for all client traffic to main backend. This is blocking my daily tasks.,Server / Infrastructure,Server Down,CRITICAL,Infrastructure
Please assist urgently. Core API server unresponsive with HTTP 502/504 errors,NGINX reverse proxy is throwing 502 Bad Gateway for all client traffic to main backend. This is blocking my daily tasks.,Server / Infrastructure,Server Down,CRITICAL,Infrastructure
FYI for the helpdesk team. MFA push notifications not received on mobile,Authenticator app is not popping up push requests to approve login. Multiple teammates are experiencing this as well.,Account & Access,MFA,MEDIUM,IT Helpdesk
Issue started this morning. Unable to connect to office WiFi,My laptop sees the Corp-WiFi SSID but fails to obtain an IP address via DHCP. Restarting the system did not resolve the problem.,Network,WiFi,HIGH,Network Support
Unable to connect to office WiFi,My laptop sees the Corp-WiFi SSID but fails to obtain an IP address via DHCP.,Network,WiFi,MEDIUM,Network Support
NodeJS and Git installation approval,Requesting admin privilege or Software Center deployment of Node.js v20 LTS.,Software,Software Installation,MEDIUM,Software Support
Tableau Desktop license activation error,Tableau activation server unreachable error when activating license key.,Software,License Issue,MEDIUM,Software Support
Please assist urgently. Production Kubernetes cluster node kernel panic,Worker node 04 crashed with kernel panic; pods evicting to remaining nodes. This is blocking my daily tasks.,Server / Infrastructure,Server Down,CRITICAL,Infrastructure
Need immediate help with this. Internal DNS not resolving intranet portals,Attempts to navigate to intranet.company.local result in DNS_PROBE_FINISHED_NXDOMAIN. Occurred right after rebooting.,Network,DNS,CRITICAL,Network Support
Help needed: Outgoing emails blocked by spam filter,Sent emails are bouncing with SPF/DKIM validation failure message. Kindly look into this as soon as possible.,Email,Email Not Sending,CRITICAL,Email Support
Help needed: Lost company laptop on public transit,Left encrypted MacBook Pro on the train this morning. Need remote wipe immediately. Kindly look into this as soon as possible.,Security,Security Incident,HIGH,Security
SSO login loop on Okta / Azure AD,Attempting to login to internal portal keeps redirecting back to login screen in a loop.,Account & Access,Login Problem,CRITICAL,IT Helpdesk
Help needed: Touchpad unresponsive on Dell Latitude,Cursor doesn't move when using the trackpad; external USB mouse works fine. Kindly look into this as soon as possible.,Hardware,Laptop,HIGH,Hardware Support
Issue started this morning. Jira and Confluence project space permissions,Need edit permissions in Jira project board SRE and team documentation space. Restarting the system did not resolve the problem.,Account & Access,Access Request,HIGH,IT Helpdesk
Need immediate help with this. Offsite cloud backup replication sync error,AWS S3 glacier lifecycle replication job timed out with network error. Occurred right after rebooting.,Server / Infrastructure,Backup,MEDIUM,Infrastructure
Slack crashes every time a call starts,Joining huddles in Slack causes the app to terminate immediately on Windows 11.,Software,Application Crash,CRITICAL,Software Support
FYI for the helpdesk team. Laptop fan making loud grinding noise and overheating,The cooling fan is rattling loudly and the CPU throttles to 0.4 GHz. Multiple teammates are experiencing this as well.,Hardware,Laptop,HIGH,Hardware Support
Urgent assistance required: Certificate error when joining 802.1x WiFi,Device prompts for RADIUS server certificate trust and refuses to connect. Error code was captured in screenshot.,Network,WiFi,MEDIUM,Network Support
Mailbox full quota exceeded error,Cannot receive new incoming emails because mailbox has reached 50 GB limit.,Email,Email Not Receiving,HIGH,Email Support
FYI for the helpdesk team. Visual Studio Code memory leak and crash,VS Code consumes 16 GB RAM within 30 minutes and freezes the operating system. Multiple teammates are experiencing this as well.,Software,Application Crash,HIGH,Software Support
Urgent assistance required: Confidential customer data sent to wrong external email address,Mistakenly autofilled incorrect recipient and sent quarterly client PII spreadsheet. Error code was captured in screenshot.,Security,Security Incident,CRITICAL,Security
Need immediate help with this. Spam filter letting through malicious invoice attachments,Spoofed emails with zip attachments bypassing Office 365 spam filters. Occurred right after rebooting.,Email,Spam,LOW,Email Support
Outlook OST data file corrupt error,Error message: 'The file C:\Users\user\AppData\outlook.ost cannot be accessed.',Email,Outlook Problem,LOW,Email Support
Need immediate help with this. ERP system password expired,SAP / Oracle login states credentials have expired and requires IT admin reset. Occurred right after rebooting.,Account & Access,Password Reset,LOW,IT Helpdesk
FYI for the helpdesk team. PostgreSQL primary database connection pool exhausted,Application logs show 'FATAL: remaining connection slots are reserved for non-replication superuser connections'. Multiple teammates are experiencing this as well.,Server / Infrastructure,Database Issue,CRITICAL,Infrastructure
Urgent assistance required: Charger cable frayed and spark noticed,The USB-C power adapter cable is frayed near the brick and needs replacement. Error code was captured in screenshot.,Hardware,Laptop,HIGH,Hardware Support
Urgent assistance required: Multiple failed login attempts during midnight hours,Security log shows 400 failed login attempts against my username. Error code was captured in screenshot.,Security,Suspicious Login,HIGH,Security
Escalation: Outlook calendar appointments disappeared,Shared team calendar is not syncing and recurring meetings have vanished. Impacting ongoing customer deliverables.,Email,Outlook Problem,MEDIUM,Email Support
Alert: Login to my corporate account from Russia / Unknown location,Received Microsoft security alert about successful login from unfamiliar IP address.,Security,Suspicious Login,CRITICAL,Security
Need immediate help with this. Monitor resolution stuck at 1024x768,Display settings won't allow switching to native 2560x1440 resolution. Occurred right after rebooting.,Hardware,Monitor,MEDIUM,Hardware Support
Escalation: VPN routing issues with subnet,Unable to access 10.200.x.x subnet while on corporate VPN. Impacting ongoing customer deliverables.,Network,VPN,HIGH,Network Support
Please assist urgently. Cannot connect to corporate VPN,Unable to establish VPN connection from home. It says handshake failed or connection timed out. This is blocking my daily tasks.,Network,VPN,HIGH,Network Support
Help needed: Excel crashing when opening financial report,Opening large 50MB spreadsheet causes Excel to crash with Exception code 0xc0000005. Kindly look into this as soon as possible.,Software,Application Crash,HIGH,Software Support
Alert: Login to my corporate account from Russia / Unknown location,Received Microsoft security alert about successful login from unfamiliar IP address.,Security,Suspicious Login,CRITICAL,Security
Printer leaving black smudge across pages,"Drum unit appears dirty, leaving horizontal stripes on every printed invoice.",Hardware,Printer,LOW,Hardware Support
Escalation: Figma enterprise seat license request,Need editor access to team design files in Figma workspace. Impacting ongoing customer deliverables.,Software,License Issue,MEDIUM,Software Support
FYI for the helpdesk team. Microsoft 365 license expired notification,Word and PowerPoint are showing 'Unlicensed Product' banner and disabled editing. Multiple teammates are experiencing this as well.,Software,License Issue,MEDIUM,Software Support
Requesting Python and Docker desktop installation,Need local development tools installed on my workstation for new project.,Software,Software Installation,LOW,Software Support
Need immediate help with this. External USB keyboard typing double letters,Keys chattering: typing 'e' produces 'ee' on the mechanical keyboard. Occurred right after rebooting.,Hardware,Peripherals,LOW,Hardware Support
Stale DNS records for staging server,DNS still points to the old decommissioned IP address 10.0.5.21.,Network,DNS,HIGH,Network Support
MFA push notifications not received on mobile,Authenticator app is not popping up push requests to approve login.,Account & Access,MFA,HIGH,IT Helpdesk
Cannot access internal git server through VPN,VPN is connected with green status but I cannot ping or clone from gitlab.internal.,Network,VPN,CRITICAL,Network Support
Laptop fan making loud grinding noise and overheating,The cooling fan is rattling loudly and the CPU throttles to 0.4 GHz.,Hardware,Laptop,LOW,Hardware Support
Need immediate help with this. Offsite cloud backup replication sync error,AWS S3 glacier lifecycle replication job timed out with network error. Occurred right after rebooting.,Server / Infrastructure,Backup,HIGH,Infrastructure
Please assist urgently. No internet access on workstation,"Ethernet cable is plugged in, link lights are on, but cannot browse any websites. This is blocking my daily tasks.",Network,Internet Connectivity,HIGH,Network Support
Need immediate help with this. Core API server unresponsive with HTTP 502/504 errors,NGINX reverse proxy is throwing 502 Bad Gateway for all client traffic to main backend. Occurred right after rebooting.,Server / Infrastructure,Server Down,CRITICAL,Infrastructure
Network printer offline in Windows print queue,Sending print jobs to HR-Printer-01 sits in spooler status Offline.,Hardware,Printer,LOW,Hardware Support
Jabra headset microphone not capturing audio,Can hear callers in Teams meeting but microphone picks up no sound.,Hardware,Peripherals,LOW,Hardware Support
Need immediate help with this. NFS mount stale file handle on backup server,Backup script failing because NFS export becomes unreachable during sync. Occurred right after rebooting.,Server / Infrastructure,Storage,MEDIUM,Infrastructure
Help needed: Pulse Secure VPN crashing on startup,"Whenever I launch the Pulse Secure VPN app on Windows 11, it crashes immediately. Kindly look into this as soon as possible.",Network,VPN,MEDIUM,Network Support
Need immediate help with this. VPN disconnects every 10 minutes,GlobalProtect / AnyConnect keeps dropping every few minutes disrupting remote desktop. Occurred right after rebooting.,Network,VPN,HIGH,Network Support
Issue started this morning. Outlook search indexing not returning emails,Searching for customer emails in Outlook returns zero results or incomplete list. Restarting the system did not resolve the problem.,Email,Outlook Problem,MEDIUM,Email Support
Escalation: Bounce back error 550 Relaying denied,Sending email to client domains results in NDR error 5.7.1 Access denied. Impacting ongoing customer deliverables.,Email,Email Not Sending,CRITICAL,Email Support
Escalation: User account disabled message on Windows login,Screen shows 'Your account has been disabled. Please see your system administrator.' Impacting ongoing customer deliverables.,Account & Access,Login Problem,MEDIUM,IT Helpdesk
Please assist urgently. Network printer offline in Windows print queue,Sending print jobs to HR-Printer-01 sits in spooler status Offline. This is blocking my daily tasks.,Hardware,Printer,MEDIUM,Hardware Support
MFA phone number change request,Changed phone number and cannot receive SMS verification codes for corporate portal.,Account & Access,MFA,HIGH,IT Helpdesk
Escalation: Antivirus pop-up: Trojan.Win32 detected and quarantined,Windows Defender alerted about suspicious executable found in Temp directory. Impacting ongoing customer deliverables.,Security,Malware,CRITICAL,Security
Total datacenter power loss / UPS failure in Server Room B,Main power feed tripped; backup generator engaged but UPS A did not switch cleanly.,Server / Infrastructure,System Outage,CRITICAL,Infrastructure
Temporary password not working on first login,IT provided a temporary password but portal says incorrect credentials.,Account & Access,Password Reset,MEDIUM,IT Helpdesk
Help needed: Certificate error when joining 802.1x WiFi,Device prompts for RADIUS server certificate trust and refuses to connect. Kindly look into this as soon as possible.,Network,WiFi,MEDIUM,Network Support
NFS mount stale file handle on backup server,Backup script failing because NFS export becomes unreachable during sync.,Server / Infrastructure,Storage,HIGH,Infrastructure
Nightly automated database backup failed,Veeam / pg_dump job terminated with exit code 1; snapshot could not be committed.,Server / Infrastructure,Backup,MEDIUM,Infrastructure
Outlook OST data file corrupt error,Error message: 'The file C:\Users\user\AppData\outlook.ost cannot be accessed.',Email,Outlook Problem,MEDIUM,Email Support
Urgent assistance required: Laptop screen cracked / black display,Accidentally dropped backpack and the screen has rainbow lines and cracked LCD. Error code was captured in screenshot.,Hardware,Laptop,MEDIUM,Hardware Support
Urgent assistance required: User account disabled message on Windows login,Screen shows 'Your account has been disabled. Please see your system administrator.' Error code was captured in screenshot.,Account & Access,Login Problem,MEDIUM,IT Helpdesk
Help needed: USB thumb drive found in parking lot plugged in by mistake,An employee plugged an unknown USB drive found outside into their desktop. Kindly look into this as soon as possible.,Security,Security Incident,CRITICAL,Security
Escalation: Production Kubernetes cluster node kernel panic,Worker node 04 crashed with kernel panic; pods evicting to remaining nodes. Impacting ongoing customer deliverables.,Server / Infrastructure,Server Down,HIGH,Infrastructure
Dead pixels line across display,A vertical pink line has appeared down the center of my secondary screen.,Hardware,Monitor,MEDIUM,Hardware Support
Escalation: NodeJS and Git installation approval,Requesting admin privilege or Software Center deployment of Node.js v20 LTS. Impacting ongoing customer deliverables.,Software,Software Installation,LOW,Software Support
Issue started this morning. Touchpad unresponsive on Dell Latitude,Cursor doesn't move when using the trackpad; external USB mouse works fine. Restarting the system did not resolve the problem.,Hardware,Laptop,HIGH,Hardware Support
Please assist urgently. Clicked suspicious link in unexpected email,I inadvertently clicked on a link in an email claiming to be Microsoft password reset. This is blocking my daily tasks.,Security,Phishing,CRITICAL,Security
FYI for the helpdesk team. Cannot access internal git server through VPN,VPN is connected with green status but I cannot ping or clone from gitlab.internal. Multiple teammates are experiencing this as well.,Network,VPN,MEDIUM,Network Support
Need immediate help with this. Remote access VPN speed extremely slow,VPN connection is established but speeds are below 50 Kbps making it impossible to work. Occurred right after rebooting.,Network,VPN,HIGH,Network Support
Guest WiFi password not working,Visitors in our reception area cannot authenticate to Corp-Guest network.,Network,WiFi,HIGH,Network Support
Ethernet port on wall plate not working,Plugging into jack D-14 at desk 42 does not provide link light or IP address.,Network,Internet Connectivity,HIGH,Network Support
Urgent assistance required: Cannot send email to distribution list,Getting error: 'You don't have permission to send to this distribution group.' Error code was captured in screenshot.,Email,Email Not Sending,HIGH,Email Support
Need immediate help with this. Database replica lag exceeded 30 minutes,Read replica in secondary region is falling behind master causing stale reads. Occurred right after rebooting.,Server / Infrastructure,Database Issue,CRITICAL,Infrastructure
Issue started this morning. Unable to connect to office WiFi,My laptop sees the Corp-WiFi SSID but fails to obtain an IP address via DHCP. Restarting the system did not resolve the problem.,Network,WiFi,HIGH,Network Support
FYI for the helpdesk team. Network printer offline in Windows print queue,Sending print jobs to HR-Printer-01 sits in spooler status Offline. Multiple teammates are experiencing this as well.,Hardware,Printer,HIGH,Hardware Support
Intermittent packet loss on office LAN,Experiencing 25% packet loss when pinging local gateway 192.168.1.1.,Network,Internet Connectivity,HIGH,Network Support
Need immediate help with this. Request access to Finance shared network drive,Need read/write permissions to \fileserver\finance\quarterly-reports for audit. Occurred right after rebooting.,Account & Access,Access Request,LOW,IT Helpdesk
VPN routing issues with subnet,Unable to access 10.200.x.x subnet while on corporate VPN.,Network,VPN,HIGH,Network Support
FYI for the helpdesk team. Slack crashes every time a call starts,Joining huddles in Slack causes the app to terminate immediately on Windows 11. Multiple teammates are experiencing this as well.,Software,Application Crash,HIGH,Software Support
Help needed: Jabra headset microphone not capturing audio,Can hear callers in Teams meeting but microphone picks up no sound. Kindly look into this as soon as possible.,Hardware,Peripherals,MEDIUM,Hardware Support
FYI for the helpdesk team. Charger cable frayed and spark noticed,The USB-C power adapter cable is frayed near the brick and needs replacement. Multiple teammates are experiencing this as well.,Hardware,Laptop,HIGH,Hardware Support
Help needed: ERP system password expired,SAP / Oracle login states credentials have expired and requires IT admin reset. Kindly look into this as soon as possible.,Account & Access,Password Reset,HIGH,IT Helpdesk
Urgent assistance required: Clicked suspicious link in unexpected email,I inadvertently clicked on a link in an email claiming to be Microsoft password reset. Error code was captured in screenshot.,Security,Phishing,HIGH,Security
Please assist urgently. Phishing campaign report: fake payroll bonus notification,Received email claiming HR bonus with macro-enabled Excel document attached. This is blocking my daily tasks.,Security,Phishing,HIGH,Security
Entered credentials on fake login page,"Realized after submitting password that the URL was secure-login-verify.xyz, not company domain.",Security,Phishing,HIGH,Security
Urgent assistance required: Confidential customer data sent to wrong external email address,Mistakenly autofilled incorrect recipient and sent quarterly client PII spreadsheet. Error code was captured in screenshot.,Security,Security Incident,CRITICAL,Security
Ransomware note displayed on desktop background,Files have .locked extension and a text file demands cryptocurrency payment. Disconnected from LAN.,Security,Malware,CRITICAL,Security
Multiple failed login attempts during midnight hours,Security log shows 400 failed login attempts against my username.,Security,Suspicious Login,CRITICAL,Security
Escalation: macOS Sonoma update bricked display output,"After applying OS patch, secondary monitors are no longer detected. Impacting ongoing customer deliverables.",Software,Update Issue,MEDIUM,Software Support
Escalation: YubiKey hardware token not recognized for MFA,FIDO2 security key fails when tapping for multi-factor authentication. Impacting ongoing customer deliverables.,Account & Access,MFA,HIGH,IT Helpdesk
Laptop battery swollen and pushing touchpad,The chassis of my ThinkPad is bulging and the trackpad cannot be clicked. Urgent safety hazard.,Hardware,Laptop,HIGH,Hardware Support
Issue started this morning. Guest WiFi password not working,Visitors in our reception area cannot authenticate to Corp-Guest network. Restarting the system did not resolve the problem.,Network,WiFi,MEDIUM,Network Support
Outgoing emails blocked by spam filter,Sent emails are bouncing with SPF/DKIM validation failure message.,Email,Email Not Sending,HIGH,Email Support
Laptop keyboard spacebar and enter key broken,Several keys on the built-in keyboard are unresponsive or falling off.,Hardware,Laptop,MEDIUM,Hardware Support
Urgent assistance required: WiFi captive portal not appearing,"When connecting to the guest wireless network, the captive portal login page does not load. Error code was captured in screenshot.",Network,WiFi,HIGH,Network Support
Escalation: Network printer offline in Windows print queue,Sending print jobs to HR-Printer-01 sits in spooler status Offline. Impacting ongoing customer deliverables.,Hardware,Printer,MEDIUM,Hardware Support
Need immediate help with this. Database disk space utilization reached 98%,Postgres WAL archive directory is filling up rapidly; less than 2 GB remaining. Occurred right after rebooting.,Server / Infrastructure,Database Issue,CRITICAL,Infrastructure
Need immediate help with this. Dead pixels line across display,A vertical pink line has appeared down the center of my secondary screen. Occurred right after rebooting.,Hardware,Monitor,MEDIUM,Hardware Support
FYI for the helpdesk team. Floor 2 HP LaserJet paper jam error 13.00,Paper is stuck in tray 2 and the printer display says Jam in Cartridge Area. Multiple teammates are experiencing this as well.,Hardware,Printer,LOW,Hardware Support
Please assist urgently. Outgoing emails blocked by spam filter,Sent emails are bouncing with SPF/DKIM validation failure message. This is blocking my daily tasks.,Email,Email Not Sending,HIGH,Email Support
VPN tunnel blocked by home ISP,My ISP appears to be throttling UDP port 4500 and VPN won't establish tunnel.,Network,VPN,HIGH,Network Support
Company-wide intranet and ERP completely inaccessible,"All employees in North America region unable to access ERP, HR portal, or intranet.",Server / Infrastructure,System Outage,CRITICAL,Infrastructure
Please assist urgently. Active Directory domain controller replication failed,DC02 is failing Kerberos authentication and replication sync with primary DC01. This is blocking my daily tasks.,Server / Infrastructure,Server Down,CRITICAL,Infrastructure
FYI for the helpdesk team. Printer out of toner cartridge black,Printing documents comes out faint and streaked. Need replacement black toner. Multiple teammates are experiencing this as well.,Hardware,Printer,MEDIUM,Hardware Support
Please assist urgently. Reverse DNS lookup failure,Mail server is failing reverse PTR checks causing outgoing emails to bounce. This is blocking my daily tasks.,Network,DNS,HIGH,Network Support
Issue started this morning. Second monitor not detected by docking station,Laptop only outputs to built-in screen; external display says No Signal. Restarting the system did not resolve the problem.,Hardware,Monitor,MEDIUM,Hardware Support
Tableau Desktop license activation error,Tableau activation server unreachable error when activating license key.,Software,License Issue,MEDIUM,Software Support
SSO login loop on Okta / Azure AD,Attempting to login to internal portal keeps redirecting back to login screen in a loop.,Account & Access,Login Problem,MEDIUM,IT Helpdesk
Help needed: SSO login loop on Okta / Azure AD,Attempting to login to internal portal keeps redirecting back to login screen in a loop. Kindly look into this as soon as possible.,Account & Access,Login Problem,MEDIUM,IT Helpdesk
Phishing campaign report: fake payroll bonus notification,Received email claiming HR bonus with macro-enabled Excel document attached.,Security,Phishing,HIGH,Security
FYI for the helpdesk team. Total datacenter power loss / UPS failure in Server Room B,Main power feed tripped; backup generator engaged but UPS A did not switch cleanly. Multiple teammates are experiencing this as well.,Server / Infrastructure,System Outage,CRITICAL,Infrastructure
FYI for the helpdesk team. Reverse DNS lookup failure,Mail server is failing reverse PTR checks causing outgoing emails to bounce. Multiple teammates are experiencing this as well.,Network,DNS,HIGH,Network Support
Issue started this morning. Outlook OST data file corrupt error,Error message: 'The file C:\Users\user\AppData\outlook.ost cannot be accessed.' Restarting the system did not resolve the problem.,Email,Outlook Problem,MEDIUM,Email Support
Stale DNS records for staging server,DNS still points to the old decommissioned IP address 10.0.5.21.,Network,DNS,HIGH,Network Support
Need immediate help with this. Production Linux server unreachable via SSH or ping,Webserver prod-web-01 stopped responding to health checks 10 minutes ago. Occurred right after rebooting.,Server / Infrastructure,Server Down,CRITICAL,Infrastructure
Ransomware note displayed on desktop background,Files have .locked extension and a text file demands cryptocurrency payment. Disconnected from LAN.,Security,Malware,CRITICAL,Security
Issue started this morning. Entered credentials on fake login page,"Realized after submitting password that the URL was secure-login-verify.xyz, not company domain. Restarting the system did not resolve the problem.",Security,Phishing,HIGH,Security
Help needed: External USB keyboard typing double letters,Keys chattering: typing 'e' produces 'ee' on the mechanical keyboard. Kindly look into this as soon as possible.,Hardware,Peripherals,LOW,Hardware Support
Help needed: VPN authentication failed,Entering my credentials but VPN says authentication error even though password is correct. Kindly look into this as soon as possible.,Network,VPN,HIGH,Network Support
FYI for the helpdesk team. Spear phishing targeting executive assistant,Attacker attempting wire transfer authorization using spoofed CFO email header. Multiple teammates are experiencing this as well.,Security,Phishing,HIGH,Security
FYI for the helpdesk team. Emails going directly to Junk / Spam folder,Legitimate internal communication from HR is being routed to Spam folder. Multiple teammates are experiencing this as well.,Email,Email Not Receiving,HIGH,Email Support
Issue started this morning. Dead pixels line across display,A vertical pink line has appeared down the center of my secondary screen. Restarting the system did not resolve the problem.,Hardware,Monitor,MEDIUM,Hardware Support
Issue started this morning. Phishing campaign report: fake payroll bonus notification,Received email claiming HR bonus with macro-enabled Excel document attached. Restarting the system did not resolve the problem.,Security,Phishing,CRITICAL,Security
FYI for the helpdesk team. Unknown PowerShell script executing in background,EDR software alerted on encoded PowerShell command execution under user profile. Multiple teammates are experiencing this as well.,Security,Malware,HIGH,Security
Need immediate help with this. WiFi captive portal not appearing,"When connecting to the guest wireless network, the captive portal login page does not load. Occurred right after rebooting.",Network,WiFi,MEDIUM,Network Support
FYI for the helpdesk team. Microsoft 365 license expired notification,Word and PowerPoint are showing 'Unlicensed Product' banner and disabled editing. Multiple teammates are experiencing this as well.,Software,License Issue,MEDIUM,Software Support
FYI for the helpdesk team. High network latency in design studio,"Ping times to internal file server spiked to 600ms, impacting video editing. Multiple teammates are experiencing this as well.",Network,Internet Connectivity,MEDIUM,Network Support
Please assist urgently. Salesforce desktop plugin crashing Outlook,Add-in for Salesforce causes Outlook to hang during startup in safe mode. This is blocking my daily tasks.,Software,Application Crash,MEDIUM,Software Support
Temporary password not working on first login,IT provided a temporary password but portal says incorrect credentials.,Account & Access,Password Reset,MEDIUM,IT Helpdesk
Urgent assistance required: Total datacenter power loss / UPS failure in Server Room B,Main power feed tripped; backup generator engaged but UPS A did not switch cleanly. Error code was captured in screenshot.,Server / Infrastructure,System Outage,CRITICAL,Infrastructure
Need immediate help with this. Outlook search indexing not returning emails,Searching for customer emails in Outlook returns zero results or incomplete list. Occurred right after rebooting.,Email,Outlook Problem,MEDIUM,Email Support
FYI for the helpdesk team. VPN client installation error,"When trying to install the Cisco VPN client on macOS, the installer throws error 1722. Multiple teammates are experiencing this as well.",Network,VPN,MEDIUM,Network Support
Urgent assistance required: VPN certificate expired,Error message says client certificate has expired and needs renewal from network admin. Error code was captured in screenshot.,Network,VPN,HIGH,Network Support
Urgent assistance required: VPN authentication failed,Entering my credentials but VPN says authentication error even though password is correct. Error code was captured in screenshot.,Network,VPN,HIGH,Network Support
Urgent assistance required: YubiKey hardware token not recognized for MFA,FIDO2 security key fails when tapping for multi-factor authentication. Error code was captured in screenshot.,Account & Access,MFA,HIGH,IT Helpdesk
FYI for the helpdesk team. Cannot login to workstation with smart card,PIN is entered correctly but smart card reader shows error 0x80090016. Multiple teammates are experiencing this as well.,Account & Access,Login Problem,MEDIUM,IT Helpdesk
Urgent assistance required: VPN client installation error,"When trying to install the Cisco VPN client on macOS, the installer throws error 1722. Error code was captured in screenshot.",Network,VPN,HIGH,Network Support
Visual Studio Code memory leak and crash,VS Code consumes 16 GB RAM within 30 minutes and freezes the operating system.,Software,Application Crash,HIGH,Software Support
AWS IAM console read-only access request,Requesting AWS sandbox account access for cloud architecture evaluation.,Account & Access,Access Request,LOW,IT Helpdesk
"FYI for the helpdesk team. New phone, need MFA Authenticator reset",I upgraded my smartphone and lost Microsoft Authenticator app 2FA tokens. Multiple teammates are experiencing this as well.,Account & Access,MFA,HIGH,IT Helpdesk
Issue started this morning. Bounce back error 550 Relaying denied,Sending email to client domains results in NDR error 5.7.1 Access denied. Restarting the system did not resolve the problem.,Email,Email Not Sending,MEDIUM,Email Support
Help needed: Please install Adobe Acrobat Pro,I need to edit and sign PDF contracts for clients; standard Reader is insufficient. Kindly look into this as soon as possible.,Software,Software Installation,MEDIUM,Software Support
Help needed: Need access to GitHub organization repository,"Starting on Project Apollo, please add my GitHub user to backend engineering team. Kindly look into this as soon as possible.",Account & Access,Access Request,MEDIUM,IT Helpdesk
Help needed: macOS Sonoma update bricked display output,"After applying OS patch, secondary monitors are no longer detected. Kindly look into this as soon as possible.",Software,Update Issue,MEDIUM,Software Support
Escalation: Install Postman for API testing,Require Postman desktop client for testing microservices endpoints. Impacting ongoing customer deliverables.,Software,Software Installation,LOW,Software Support
Help needed: JetBrains IntelliJ IDEA license key expired,License server says no floating licenses available for IntelliJ Ultimate. Kindly look into this as soon as possible.,Software,License Issue,LOW,Software Support
Help needed: Laptop keyboard spacebar and enter key broken,Several keys on the built-in keyboard are unresponsive or falling off. Kindly look into this as soon as possible.,Hardware,Laptop,LOW,Hardware Support
Please assist urgently. Company-wide intranet and ERP completely inaccessible,"All employees in North America region unable to access ERP, HR portal, or intranet. This is blocking my daily tasks.",Server / Infrastructure,System Outage,CRITICAL,Infrastructure
FYI for the helpdesk team. Laptop won't power on at all,"Pressing power button produces no fan noise, charging LED doesn't light up. Multiple teammates are experiencing this as well.",Hardware,Laptop,MEDIUM,Hardware Support
Escalation: Not receiving external emails from clients,"Colleagues can email me internally, but no external emails are arriving today. Impacting ongoing customer deliverables.",Email,Email Not Receiving,HIGH,Email Support
Escalation: WiFi adapter not recognized in laptop,Windows Device Manager shows a yellow exclamation mark next to Intel WiFi 6 AX201. Impacting ongoing customer deliverables.,Network,WiFi,MEDIUM,Network Support
Please assist urgently. Please install Adobe Acrobat Pro,I need to edit and sign PDF contracts for clients; standard Reader is insufficient. This is blocking my daily tasks.,Software,Software Installation,LOW,Software Support
Urgent assistance required: Important client email delayed by 8 hours,Incoming emails are queuing up in mail gateway with severe delivery latency. Error code was captured in screenshot.,Email,Email Not Receiving,HIGH,Email Support
Session hijacked on corporate portal,Activity log indicates active session while I was asleep and laptop was powered off.,Security,Suspicious Login,CRITICAL,Security
FYI for the helpdesk team. External monitor flickering continuously,Dell 27-inch monitor flickers black every 5 seconds over HDMI and DisplayPort. Multiple teammates are experiencing this as well.,Hardware,Monitor,MEDIUM,Hardware Support
Help needed: External USB keyboard typing double letters,Keys chattering: typing 'e' produces 'ee' on the mechanical keyboard. Kindly look into this as soon as possible.,Hardware,Peripherals,LOW,Hardware Support
Help needed: Confidential customer data sent to wrong external email address,Mistakenly autofilled incorrect recipient and sent quarterly client PII spreadsheet. Kindly look into this as soon as possible.,Security,Security Incident,HIGH,Security
Escalation: Visual Studio Code memory leak and crash,VS Code consumes 16 GB RAM within 30 minutes and freezes the operating system. Impacting ongoing customer deliverables.,Software,Application Crash,MEDIUM,Software Support
Windows 11 update stuck at 74% loop,Laptop has been rebooting and reverting update KB5034441 for 2 hours.,Software,Update Issue,MEDIUM,Software Support
FYI for the helpdesk team. Printer out of toner cartridge black,Printing documents comes out faint and streaked. Need replacement black toner. Multiple teammates are experiencing this as well.,Hardware,Printer,LOW,Hardware Support
Microsoft 365 license expired notification,Word and PowerPoint are showing 'Unlicensed Product' banner and disabled editing.,Software,License Issue,HIGH,Software Support
Please assist urgently. Laptop screen cracked / black display,Accidentally dropped backpack and the screen has rainbow lines and cracked LCD. This is blocking my daily tasks.,Hardware,Laptop,HIGH,Hardware Support
Laptop won't power on at all,"Pressing power button produces no fan noise, charging LED doesn't light up.",Hardware,Laptop,HIGH,Hardware Support
Urgent assistance required: Please install Adobe Acrobat Pro,I need to edit and sign PDF contracts for clients; standard Reader is insufficient. Error code was captured in screenshot.,Software,Software Installation,LOW,Software Support
Laptop battery swollen and pushing touchpad,The chassis of my ThinkPad is bulging and the trackpad cannot be clicked. Urgent safety hazard.,Hardware,Laptop,MEDIUM,Hardware Support
Escalation: Spear phishing targeting executive assistant,Attacker attempting wire transfer authorization using spoofed CFO email header. Impacting ongoing customer deliverables.,Security,Phishing,HIGH,Security
Need immediate help with this. Production Linux server unreachable via SSH or ping,Webserver prod-web-01 stopped responding to health checks 10 minutes ago. Occurred right after rebooting.,Server / Infrastructure,Server Down,CRITICAL,Infrastructure
VPN routing issues with subnet,Unable to access 10.200.x.x subnet while on corporate VPN.,Network,VPN,HIGH,Network Support
Urgent assistance required: Bounce back error 550 Relaying denied,Sending email to client domains results in NDR error 5.7.1 Access denied. Error code was captured in screenshot.,Email,Email Not Sending,MEDIUM,Email Support
Help needed: YubiKey hardware token not recognized for MFA,FIDO2 security key fails when tapping for multi-factor authentication. Kindly look into this as soon as possible.,Account & Access,MFA,HIGH,IT Helpdesk
Urgent assistance required: Receiving multiple targeted phishing emails,Several staff members received email asking to verify credentials urgently. Error code was captured in screenshot.,Email,Spam,MEDIUM,Email Support
Need immediate help with this. Production database query deadlocks causing timeouts,Multiple transactions on orders table deadlocking and aborting checkout flows. Occurred right after rebooting.,Server / Infrastructure,Database Issue,CRITICAL,Infrastructure
FYI for the helpdesk team. Ethernet port on wall plate not working,Plugging into jack D-14 at desk 42 does not provide link light or IP address. Multiple teammates are experiencing this as well.,Network,Internet Connectivity,HIGH,Network Support
Escalation: Tableau Desktop license activation error,Tableau activation server unreachable error when activating license key. Impacting ongoing customer deliverables.,Software,License Issue,MEDIUM,Software Support
Escalation: Not receiving external emails from clients,"Colleagues can email me internally, but no external emails are arriving today. Impacting ongoing customer deliverables.",Email,Email Not Receiving,CRITICAL,Email Support
Need immediate help with this. Outlook stuck on 'Loading Profile' splash,Outlook desktop client does not open past the profile loading screen. Occurred right after rebooting.,Email,Outlook Problem,MEDIUM,Email Support
Escalation: Workstation displaying weird popups and opening browsers,Browser windows opening automatically to gambling and ad sites every 30 seconds. Impacting ongoing customer deliverables.,Security,Malware,CRITICAL,Security
Urgent assistance required: Important client email delayed by 8 hours,Incoming emails are queuing up in mail gateway with severe delivery latency. Error code was captured in screenshot.,Email,Email Not Receiving,HIGH,Email Support
Install Zoom client for upcoming client presentation,Software Center installation of Zoom failed with error code 1603.,Software,Software Installation,LOW,Software Support
Please assist urgently. Ethernet port on wall plate not working,Plugging into jack D-14 at desk 42 does not provide link light or IP address. This is blocking my daily tasks.,Network,Internet Connectivity,MEDIUM,Network Support
Please assist urgently. Unknown PowerShell script executing in background,EDR software alerted on encoded PowerShell command execution under user profile. This is blocking my daily tasks.,Security,Malware,HIGH,Security
Need immediate help with this. User account disabled message on Windows login,Screen shows 'Your account has been disabled. Please see your system administrator.' Occurred right after rebooting.,Account & Access,Login Problem,CRITICAL,IT Helpdesk
Cannot login to workstation with smart card,PIN is entered correctly but smart card reader shows error 0x80090016.,Account & Access,Login Problem,HIGH,IT Helpdesk
FYI for the helpdesk team. Nightly automated database backup failed,Veeam / pg_dump job terminated with exit code 1; snapshot could not be committed. Multiple teammates are experiencing this as well.,Server / Infrastructure,Backup,CRITICAL,Infrastructure
Database disk space utilization reached 98%,Postgres WAL archive directory is filling up rapidly; less than 2 GB remaining.,Server / Infrastructure,Database Issue,CRITICAL,Infrastructure
Urgent assistance required: Ransomware note displayed on desktop background,Files have .locked extension and a text file demands cryptocurrency payment. Disconnected from LAN. Error code was captured in screenshot.,Security,Malware,HIGH,Security
Issue started this morning. NodeJS and Git installation approval,Requesting admin privilege or Software Center deployment of Node.js v20 LTS. Restarting the system did not resolve the problem.,Software,Software Installation,LOW,Software Support
FYI for the helpdesk team. Office WiFi keeps dropping connection,The 5GHz WiFi in conference room 3B drops connections every few minutes. Multiple teammates are experiencing this as well.,Network,WiFi,MEDIUM,Network Support
Slow WiFi speeds on 4th floor,Speed test shows under 2 Mbps across the entire marketing floor WiFi access points.,Network,WiFi,MEDIUM,Network Support
High network latency in design studio,"Ping times to internal file server spiked to 600ms, impacting video editing.",Network,Internet Connectivity,HIGH,Network Support
Please assist urgently. Outlook stuck on 'Loading Profile' splash,Outlook desktop client does not open past the profile loading screen. This is blocking my daily tasks.,Email,Outlook Problem,HIGH,Email Support
Escalation: Forgot Active Directory / Windows password,Returned from vacation and cannot recall my domain password. Locked out of PC. Impacting ongoing customer deliverables.,Account & Access,Password Reset,MEDIUM,IT Helpdesk
Escalation: Nightly automated database backup failed,Veeam / pg_dump job terminated with exit code 1; snapshot could not be committed. Impacting ongoing customer deliverables.,Server / Infrastructure,Backup,HIGH,Infrastructure
Issue started this morning. Antivirus pop-up: Trojan.Win32 detected and quarantined,Windows Defender alerted about suspicious executable found in Temp directory. Restarting the system did not resolve the problem.,Security,Malware,CRITICAL,Security
Urgent assistance required: Emails stuck in Outbox and not sending,Outgoing messages with or without attachments stay in Outbox indefinitely. Error code was captured in screenshot.,Email,Email Not Sending,MEDIUM,Email Support
Escalation: Printer leaving black smudge across pages,"Drum unit appears dirty, leaving horizontal stripes on every printed invoice. Impacting ongoing customer deliverables.",Hardware,Printer,LOW,Hardware Support
FYI for the helpdesk team. Internal DNS not resolving intranet portals,Attempts to navigate to intranet.company.local result in DNS_PROBE_FINISHED_NXDOMAIN. Multiple teammates are experiencing this as well.,Network,DNS,HIGH,Network Support
Urgent assistance required: Second monitor not detected by docking station,Laptop only outputs to built-in screen; external display says No Signal. Error code was captured in screenshot.,Hardware,Monitor,MEDIUM,Hardware Support
Issue started this morning. Core switch stack failure in MDF room,Cisco core switch stack member 1 went offline cutting off all VLAN routing. Restarting the system did not resolve the problem.,Server / Infrastructure,System Outage,CRITICAL,Infrastructure
Please assist urgently. Printer out of toner cartridge black,Printing documents comes out faint and streaked. Need replacement black toner. This is blocking my daily tasks.,Hardware,Printer,MEDIUM,Hardware Support
Help needed: Outgoing emails blocked by spam filter,Sent emails are bouncing with SPF/DKIM validation failure message. Kindly look into this as soon as possible.,Email,Email Not Sending,HIGH,Email Support
Unknown PowerShell script executing in background,EDR software alerted on encoded PowerShell command execution under user profile.,Security,Malware,HIGH,Security
Need immediate help with this. Laptop keyboard spacebar and enter key broken,Several keys on the built-in keyboard are unresponsive or falling off. Occurred right after rebooting.,Hardware,Laptop,MEDIUM,Hardware Support
Need immediate help with this. Laptop battery swollen and pushing touchpad,The chassis of my ThinkPad is bulging and the trackpad cannot be clicked. Urgent safety hazard. Occurred right after rebooting.,Hardware,Laptop,MEDIUM,Hardware Support
Urgent assistance required: Please install Adobe Acrobat Pro,I need to edit and sign PDF contracts for clients; standard Reader is insufficient. Error code was captured in screenshot.,Software,Software Installation,LOW,Software Support
Please assist urgently. Salesforce desktop plugin crashing Outlook,Add-in for Salesforce causes Outlook to hang during startup in safe mode. This is blocking my daily tasks.,Software,Application Crash,HIGH,Software Support
Need immediate help with this. Receiving multiple targeted phishing emails,Several staff members received email asking to verify credentials urgently. Occurred right after rebooting.,Email,Spam,HIGH,Email Support
Issue started this morning. Spam filter letting through malicious invoice attachments,Spoofed emails with zip attachments bypassing Office 365 spam filters. Restarting the system did not resolve the problem.,Email,Spam,HIGH,Email Support
Office WiFi keeps dropping connection,The 5GHz WiFi in conference room 3B drops connections every few minutes.,Network,WiFi,MEDIUM,Network Support
Escalation: Windows 11 update stuck at 74% loop,Laptop has been rebooting and reverting update KB5034441 for 2 hours. Impacting ongoing customer deliverables.,Software,Update Issue,MEDIUM,Software Support
FYI for the helpdesk team. Install Zoom client for upcoming client presentation,Software Center installation of Zoom failed with error code 1603. Multiple teammates are experiencing this as well.,Software,Software Installation,LOW,Software Support
Slow WiFi speeds on 4th floor,Speed test shows under 2 Mbps across the entire marketing floor WiFi access points.,Network,WiFi,MEDIUM,Network Support
Escalation: Request access to Finance shared network drive,Need read/write permissions to \fileserver\finance\quarterly-reports for audit. Impacting ongoing customer deliverables.,Account & Access,Access Request,LOW,IT Helpdesk
Need immediate help with this. Laptop keyboard spacebar and enter key broken,Several keys on the built-in keyboard are unresponsive or falling off. Occurred right after rebooting.,Hardware,Laptop,LOW,Hardware Support
Jira and Confluence project space permissions,Need edit permissions in Jira project board SRE and team documentation space.,Account & Access,Access Request,MEDIUM,IT Helpdesk
Please assist urgently. Guest WiFi password not working,Visitors in our reception area cannot authenticate to Corp-Guest network. This is blocking my daily tasks.,Network,WiFi,MEDIUM,Network Support
Please assist urgently. Production database query deadlocks causing timeouts,Multiple transactions on orders table deadlocking and aborting checkout flows. This is blocking my daily tasks.,Server / Infrastructure,Database Issue,CRITICAL,Infrastructure
Intermittent packet loss on office LAN,Experiencing 25% packet loss when pinging local gateway 192.168.1.1.,Network,Internet Connectivity,HIGH,Network Support
Help needed: PostgreSQL primary database connection pool exhausted,Application logs show 'FATAL: remaining connection slots are reserved for non-replication superuser connections'. Kindly look into this as soon as possible.,Server / Infrastructure,Database Issue,CRITICAL,Infrastructure
Need immediate help with this. Outlook disconnected from Exchange server,Status bar in Outlook constantly displays Disconnected or Trying to connect. Occurred right after rebooting.,Email,Outlook Problem,HIGH,Email Support
Escalation: Active Directory domain controller replication failed,DC02 is failing Kerberos authentication and replication sync with primary DC01. Impacting ongoing customer deliverables.,Server / Infrastructure,Server Down,CRITICAL,Infrastructure
Escalation: Monitor resolution stuck at 1024x768,Display settings won't allow switching to native 2560x1440 resolution. Impacting ongoing customer deliverables.,Hardware,Monitor,LOW,Hardware Support
Issue started this morning. Lost company laptop on public transit,Left encrypted MacBook Pro on the train this morning. Need remote wipe immediately. Restarting the system did not resolve the problem.,Security,Security Incident,HIGH,Security
FYI for the helpdesk team. USB-C docking station ports not working,USB flash drives plugged into dock front ports are not detected by Windows. Multiple teammates are experiencing this as well.,Hardware,Peripherals,LOW,Hardware Support
USB-C docking station ports not working,USB flash drives plugged into dock front ports are not detected by Windows.,Hardware,Peripherals,LOW,Hardware Support
Intermittent packet loss on office LAN,Experiencing 25% packet loss when pinging local gateway 192.168.1.1.,Network,Internet Connectivity,MEDIUM,Network Support
FYI for the helpdesk team. Clicked suspicious link in unexpected email,I inadvertently clicked on a link in an email claiming to be Microsoft password reset. Multiple teammates are experiencing this as well.,Security,Phishing,MEDIUM,Security
Escalation: Shared network drive \\nas01\projects is out of space,Users cannot save files to corporate project storage; disk quota exceeded. Impacting ongoing customer deliverables.,Server / Infrastructure,Storage,HIGH,Infrastructure
Issue started this morning. Not receiving external emails from clients,"Colleagues can email me internally, but no external emails are arriving today. Restarting the system did not resolve the problem.",Email,Email Not Receiving,HIGH,Email Support
Urgent assistance required: Company-wide intranet and ERP completely inaccessible,"All employees in North America region unable to access ERP, HR portal, or intranet. Error code was captured in screenshot.",Server / Infrastructure,System Outage,CRITICAL,Infrastructure
Issue started this morning. Charger cable frayed and spark noticed,The USB-C power adapter cable is frayed near the brick and needs replacement. Restarting the system did not resolve the problem.,Hardware,Laptop,MEDIUM,Hardware Support
Help needed: Cannot access internal git server through VPN,VPN is connected with green status but I cannot ping or clone from gitlab.internal. Kindly look into this as soon as possible.,Network,VPN,HIGH,Network Support
DNS lookup failed for external domains,Can ping 8.8.8.8 directly by IP but cannot resolve google.com or office.com.,Network,Internet Connectivity,HIGH,Network Support
FYI for the helpdesk team. External USB keyboard typing double letters,Keys chattering: typing 'e' produces 'ee' on the mechanical keyboard. Multiple teammates are experiencing this as well.,Hardware,Peripherals,LOW,Hardware Support
Please assist urgently. Slack crashes every time a call starts,Joining huddles in Slack causes the app to terminate immediately on Windows 11. This is blocking my daily tasks.,Software,Application Crash,MEDIUM,Software Support
Help needed: Install Postman for API testing,Require Postman desktop client for testing microservices endpoints. Kindly look into this as soon as possible.,Software,Software Installation,LOW,Software Support
Issue started this morning. Hyper-V host hardware purple screen of death,Host server running 15 virtual machines crashed due to memory parity error. Restarting the system did not resolve the problem.,Server / Infrastructure,Server Down,CRITICAL,Infrastructure
Escalation: Confidential customer data sent to wrong external email address,Mistakenly autofilled incorrect recipient and sent quarterly client PII spreadsheet. Impacting ongoing customer deliverables.,Security,Security Incident,HIGH,Security
Urgent assistance required: Important client email delayed by 8 hours,Incoming emails are queuing up in mail gateway with severe delivery latency. Error code was captured in screenshot.,Email,Email Not Receiving,HIGH,Email Support
Please assist urgently. Internal DNS not resolving intranet portals,Attempts to navigate to intranet.company.local result in DNS_PROBE_FINISHED_NXDOMAIN. This is blocking my daily tasks.,Network,DNS,MEDIUM,Network Support
Issue started this morning. Phishing campaign report: fake payroll bonus notification,Received email claiming HR bonus with macro-enabled Excel document attached. Restarting the system did not resolve the problem.,Security,Phishing,HIGH,Security
WiFi connected but no internet access,"Connected to WiFi with full signal bars, but browser says DNS resolution failed.",Network,WiFi,MEDIUM,Network Support
Core switch stack failure in MDF room,Cisco core switch stack member 1 went offline cutting off all VLAN routing.,Server / Infrastructure,System Outage,CRITICAL,Infrastructure
Escalation: Password reset link expired or invalid,Self-service password reset portal says security questions are not configured. Impacting ongoing customer deliverables.,Account & Access,Password Reset,MEDIUM,IT Helpdesk
Issue started this morning. Password reset link expired or invalid,Self-service password reset portal says security questions are not configured. Restarting the system did not resolve the problem.,Account & Access,Password Reset,LOW,IT Helpdesk
Issue started this morning. Need access to GitHub organization repository,"Starting on Project Apollo, please add my GitHub user to backend engineering team. Restarting the system did not resolve the problem.",Account & Access,Access Request,LOW,IT Helpdesk
Escalation: Laptop battery swollen and pushing touchpad,The chassis of my ThinkPad is bulging and the trackpad cannot be clicked. Urgent safety hazard. Impacting ongoing customer deliverables.,Hardware,Laptop,HIGH,Hardware Support
FYI for the helpdesk team. VPN tunnel blocked by home ISP,My ISP appears to be throttling UDP port 4500 and VPN won't establish tunnel. Multiple teammates are experiencing this as well.,Network,VPN,HIGH,Network Support
Help needed: Entered credentials on fake login page,"Realized after submitting password that the URL was secure-login-verify.xyz, not company domain. Kindly look into this as soon as possible.",Security,Phishing,CRITICAL,Security
Temporary password not working on first login,IT provided a temporary password but portal says incorrect credentials.,Account & Access,Password Reset,LOW,IT Helpdesk
Please assist urgently. macOS Sonoma update bricked display output,"After applying OS patch, secondary monitors are no longer detected. This is blocking my daily tasks.",Software,Update Issue,LOW,Software Support
Need immediate help with this. Forgot Active Directory / Windows password,Returned from vacation and cannot recall my domain password. Locked out of PC. Occurred right after rebooting.,Account & Access,Password Reset,MEDIUM,IT Helpdesk
Urgent assistance required: Printer leaving black smudge across pages,"Drum unit appears dirty, leaving horizontal stripes on every printed invoice. Error code was captured in screenshot.",Hardware,Printer,HIGH,Hardware Support
Need immediate help with this. Office WiFi keeps dropping connection,The 5GHz WiFi in conference room 3B drops connections every few minutes. Occurred right after rebooting.,Network,WiFi,MEDIUM,Network Support
Please assist urgently. Ethernet port on wall plate not working,Plugging into jack D-14 at desk 42 does not provide link light or IP address. This is blocking my daily tasks.,Network,Internet Connectivity,HIGH,Network Support
FYI for the helpdesk team. VPN tunnel blocked by home ISP,My ISP appears to be throttling UDP port 4500 and VPN won't establish tunnel. Multiple teammates are experiencing this as well.,Network,VPN,HIGH,Network Support
Help needed: MFA phone number change request,Changed phone number and cannot receive SMS verification codes for corporate portal. Kindly look into this as soon as possible.,Account & Access,MFA,HIGH,IT Helpdesk
Need immediate help with this. Stale DNS records for staging server,DNS still points to the old decommissioned IP address 10.0.5.21. Occurred right after rebooting.,Network,DNS,MEDIUM,Network Support
Please assist urgently. VPN tunnel blocked by home ISP,My ISP appears to be throttling UDP port 4500 and VPN won't establish tunnel. This is blocking my daily tasks.,Network,VPN,HIGH,Network Support
Escalation: Laptop screen cracked / black display,Accidentally dropped backpack and the screen has rainbow lines and cracked LCD. Impacting ongoing customer deliverables.,Hardware,Laptop,MEDIUM,Hardware Support
FYI for the helpdesk team. Cannot send email to distribution list,Getting error: 'You don't have permission to send to this distribution group.' Multiple teammates are experiencing this as well.,Email,Email Not Sending,HIGH,Email Support
Forgot Active Directory / Windows password,Returned from vacation and cannot recall my domain password. Locked out of PC.,Account & Access,Password Reset,MEDIUM,IT Helpdesk
Help needed: User account disabled message on Windows login,Screen shows 'Your account has been disabled. Please see your system administrator.' Kindly look into this as soon as possible.,Account & Access,Login Problem,HIGH,IT Helpdesk
Escalation: Guest WiFi password not working,Visitors in our reception area cannot authenticate to Corp-Guest network. Impacting ongoing customer deliverables.,Network,WiFi,HIGH,Network Support
Issue started this morning. VPN routing issues with subnet,Unable to access 10.200.x.x subnet while on corporate VPN. Restarting the system did not resolve the problem.,Network,VPN,MEDIUM,Network Support
Please assist urgently. AutoCAD freezing on startup splash screen,AutoCAD 2024 hangs at 'Checking license...' and then terminates silently. This is blocking my daily tasks.,Software,Application Crash,HIGH,Software Support
FYI for the helpdesk team. MFA phone number change request,Changed phone number and cannot receive SMS verification codes for corporate portal. Multiple teammates are experiencing this as well.,Account & Access,MFA,MEDIUM,IT Helpdesk
Escalation: Offsite cloud backup replication sync error,AWS S3 glacier lifecycle replication job timed out with network error. Impacting ongoing customer deliverables.,Server / Infrastructure,Backup,MEDIUM,Infrastructure
Offsite cloud backup replication sync error,AWS S3 glacier lifecycle replication job timed out with network error.,Server / Infrastructure,Backup,HIGH,Infrastructure
Escalation: Pulse Secure VPN crashing on startup,"Whenever I launch the Pulse Secure VPN app on Windows 11, it crashes immediately. Impacting ongoing customer deliverables.",Network,VPN,HIGH,Network Support
Need access to GitHub organization repository,"Starting on Project Apollo, please add my GitHub user to backend engineering team.",Account & Access,Access Request,MEDIUM,IT Helpdesk
Please assist urgently. Windows 11 update stuck at 74% loop,Laptop has been rebooting and reverting update KB5034441 for 2 hours. This is blocking my daily tasks.,Software,Update Issue,MEDIUM,Software Support
Urgent assistance required: Request access to Finance shared network drive,Need read/write permissions to \fileserver\finance\quarterly-reports for audit. Error code was captured in screenshot.,Account & Access,Access Request,MEDIUM,IT Helpdesk
Urgent assistance required: Laptop won't power on at all,"Pressing power button produces no fan noise, charging LED doesn't light up. Error code was captured in screenshot.",Hardware,Laptop,MEDIUM,Hardware Support
Help needed: MFA push notifications not received on mobile,Authenticator app is not popping up push requests to approve login. Kindly look into this as soon as possible.,Account & Access,MFA,HIGH,IT Helpdesk
Issue started this morning. Unknown PowerShell script executing in background,EDR software alerted on encoded PowerShell command execution under user profile. Restarting the system did not resolve the problem.,Security,Malware,HIGH,Security
Need access to GitHub organization repository,"Starting on Project Apollo, please add my GitHub user to backend engineering team.",Account & Access,Access Request,HIGH,IT Helpdesk
Need immediate help with this. NodeJS and Git installation approval,Requesting admin privilege or Software Center deployment of Node.js v20 LTS. Occurred right after rebooting.,Software,Software Installation,LOW,Software Support
FYI for the helpdesk team. Requesting Python and Docker desktop installation,Need local development tools installed on my workstation for new project. Multiple teammates are experiencing this as well.,Software,Software Installation,LOW,Software Support
Urgent assistance required: Microsoft 365 license expired notification,Word and PowerPoint are showing 'Unlicensed Product' banner and disabled editing. Error code was captured in screenshot.,Software,License Issue,MEDIUM,Software Support
FYI for the helpdesk team. WiFi connected but no internet access,"Connected to WiFi with full signal bars, but browser says DNS resolution failed. Multiple teammates are experiencing this as well.",Network,WiFi,LOW,Network Support
Please assist urgently. WiFi captive portal not appearing,"When connecting to the guest wireless network, the captive portal login page does not load. This is blocking my daily tasks.",Network,WiFi,MEDIUM,Network Support
Help needed: Install Zoom client for upcoming client presentation,Software Center installation of Zoom failed with error code 1603. Kindly look into this as soon as possible.,Software,Software Installation,LOW,Software Support
Escalation: PostgreSQL primary database connection pool exhausted,Application logs show 'FATAL: remaining connection slots are reserved for non-replication superuser connections'. Impacting ongoing customer deliverables.,Server / Infrastructure,Database Issue,CRITICAL,Infrastructure
Spam filter letting through malicious invoice attachments,Spoofed emails with zip attachments bypassing Office 365 spam filters.,Email,Spam,HIGH,Email Support
Laptop fan making loud grinding noise and overheating,The cooling fan is rattling loudly and the CPU throttles to 0.4 GHz.,Hardware,Laptop,MEDIUM,Hardware Support
Issue started this morning. Unknown PowerShell script executing in background,EDR software alerted on encoded PowerShell command execution under user profile. Restarting the system did not resolve the problem.,Security,Malware,CRITICAL,Security
Escalation: YubiKey hardware token not recognized for MFA,FIDO2 security key fails when tapping for multi-factor authentication. Impacting ongoing customer deliverables.,Account & Access,MFA,MEDIUM,IT Helpdesk
Help needed: WiFi connected but no internet access,"Connected to WiFi with full signal bars, but browser says DNS resolution failed. Kindly look into this as soon as possible.",Network,WiFi,HIGH,Network Support
Need immediate help with this. MFA push notifications not received on mobile,Authenticator app is not popping up push requests to approve login. Occurred right after rebooting.,Account & Access,MFA,MEDIUM,IT Helpdesk
Slow WiFi speeds on 4th floor,Speed test shows under 2 Mbps across the entire marketing floor WiFi access points.,Network,WiFi,MEDIUM,Network Support
Excel crashing when opening financial report,Opening large 50MB spreadsheet causes Excel to crash with Exception code 0xc0000005.,Software,Application Crash,HIGH,Software Support
Please assist urgently. Not receiving external emails from clients,"Colleagues can email me internally, but no external emails are arriving today. This is blocking my daily tasks.",Email,Email Not Receiving,HIGH,Email Support
Urgent assistance required: Production Linux server unreachable via SSH or ping,Webserver prod-web-01 stopped responding to health checks 10 minutes ago. Error code was captured in screenshot.,Server / Infrastructure,Server Down,CRITICAL,Infrastructure
Urgent assistance required: Emails stuck in Outbox and not sending,Outgoing messages with or without attachments stay in Outbox indefinitely. Error code was captured in screenshot.,Email,Email Not Sending,HIGH,Email Support
Need immediate help with this. Emails stuck in Outbox and not sending,Outgoing messages with or without attachments stay in Outbox indefinitely. Occurred right after rebooting.,Email,Email Not Sending,HIGH,Email Support
Issue started this morning. Requesting file restoration from tape backup,Need accidentally deleted folder /var/www/legacy restored from last Friday's backup. Restarting the system did not resolve the problem.,Server / Infrastructure,Backup,MEDIUM,Infrastructure
Urgent assistance required: Figma enterprise seat license request,Need editor access to team design files in Figma workspace. Error code was captured in screenshot.,Software,License Issue,MEDIUM,Software Support
Temporary password not working on first login,IT provided a temporary password but portal says incorrect credentials.,Account & Access,Password Reset,HIGH,IT Helpdesk
Request access to Finance shared network drive,Need read/write permissions to \fileserver\finance\quarterly-reports for audit.,Account & Access,Access Request,MEDIUM,IT Helpdesk
SSO login loop on Okta / Azure AD,Attempting to login to internal portal keeps redirecting back to login screen in a loop.,Account & Access,Login Problem,HIGH,IT Helpdesk
FYI for the helpdesk team. MFA phone number change request,Changed phone number and cannot receive SMS verification codes for corporate portal. Multiple teammates are experiencing this as well.,Account & Access,MFA,MEDIUM,IT Helpdesk
Escalation: Forgot Active Directory / Windows password,Returned from vacation and cannot recall my domain password. Locked out of PC. Impacting ongoing customer deliverables.,Account & Access,Password Reset,LOW,IT Helpdesk
Need immediate help with this. Ethernet port on wall plate not working,Plugging into jack D-14 at desk 42 does not provide link light or IP address. Occurred right after rebooting.,Network,Internet Connectivity,HIGH,Network Support
Help needed: AutoCAD freezing on startup splash screen,AutoCAD 2024 hangs at 'Checking license...' and then terminates silently. Kindly look into this as soon as possible.,Software,Application Crash,HIGH,Software Support
Escalation: JetBrains IntelliJ IDEA license key expired,License server says no floating licenses available for IntelliJ Ultimate. Impacting ongoing customer deliverables.,Software,License Issue,MEDIUM,Software Support
Please assist urgently. Production Linux server unreachable via SSH or ping,Webserver prod-web-01 stopped responding to health checks 10 minutes ago. This is blocking my daily tasks.,Server / Infrastructure,Server Down,CRITICAL,Infrastructure
Help needed: Core switch stack failure in MDF room,Cisco core switch stack member 1 went offline cutting off all VLAN routing. Kindly look into this as soon as possible.,Server / Infrastructure,System Outage,CRITICAL,Infrastructure
Help needed: SAN storage volume degraded on LUN 3,Storage array controller reporting failed drive in RAID 6 group. Kindly look into this as soon as possible.,Server / Infrastructure,Storage,HIGH,Infrastructure
Issue started this morning. Visual Studio Code memory leak and crash,VS Code consumes 16 GB RAM within 30 minutes and freezes the operating system. Restarting the system did not resolve the problem.,Software,Application Crash,MEDIUM,Software Support
Issue started this morning. Touchpad unresponsive on Dell Latitude,Cursor doesn't move when using the trackpad; external USB mouse works fine. Restarting the system did not resolve the problem.,Hardware,Laptop,HIGH,Hardware Support
Issue started this morning. Core API server unresponsive with HTTP 502/504 errors,NGINX reverse proxy is throwing 502 Bad Gateway for all client traffic to main backend. Restarting the system did not resolve the problem.,Server / Infrastructure,Server Down,CRITICAL,Infrastructure
Production database query deadlocks causing timeouts,Multiple transactions on orders table deadlocking and aborting checkout flows.,Server / Infrastructure,Database Issue,HIGH,Infrastructure
Issue started this morning. Shared network drive \\nas01\projects is out of space,Users cannot save files to corporate project storage; disk quota exceeded. Restarting the system did not resolve the problem.,Server / Infrastructure,Storage,HIGH,Infrastructure
Escalation: Outlook search indexing not returning emails,Searching for customer emails in Outlook returns zero results or incomplete list. Impacting ongoing customer deliverables.,Email,Outlook Problem,LOW,Email Support
FYI for the helpdesk team. Receiving multiple targeted phishing emails,Several staff members received email asking to verify credentials urgently. Multiple teammates are experiencing this as well.,Email,Spam,MEDIUM,Email Support
Escalation: Account locked after 3 invalid attempts,My domain account is locked out across all workstations and SSO services. Impacting ongoing customer deliverables.,Account & Access,Login Problem,HIGH,IT Helpdesk
Help needed: Total datacenter power loss / UPS failure in Server Room B,Main power feed tripped; backup generator engaged but UPS A did not switch cleanly. Kindly look into this as soon as possible.,Server / Infrastructure,System Outage,CRITICAL,Infrastructure
FYI for the helpdesk team. NodeJS and Git installation approval,Requesting admin privilege or Software Center deployment of Node.js v20 LTS. Multiple teammates are experiencing this as well.,Software,Software Installation,MEDIUM,Software Support
Need immediate help with this. Install Postman for API testing,Require Postman desktop client for testing microservices endpoints. Occurred right after rebooting.,Software,Software Installation,LOW,Software Support
Pulse Secure VPN crashing on startup,"Whenever I launch the Pulse Secure VPN app on Windows 11, it crashes immediately.",Network,VPN,HIGH,Network Support
Second monitor not detected by docking station,Laptop only outputs to built-in screen; external display says No Signal.,Hardware,Monitor,MEDIUM,Hardware Support
Issue started this morning. Shared network drive \\nas01\projects is out of space,Users cannot save files to corporate project storage; disk quota exceeded. Restarting the system did not resolve the problem.,Server / Infrastructure,Storage,MEDIUM,Infrastructure
Please assist urgently. Second monitor not detected by docking station,Laptop only outputs to built-in screen; external display says No Signal. This is blocking my daily tasks.,Hardware,Monitor,LOW,Hardware Support
Requesting Python and Docker desktop installation,Need local development tools installed on my workstation for new project.,Software,Software Installation,MEDIUM,Software Support
VPN certificate expired,Error message says client certificate has expired and needs renewal from network admin.,Network,VPN,HIGH,Network Support
Need immediate help with this. Company-wide intranet and ERP completely inaccessible,"All employees in North America region unable to access ERP, HR portal, or intranet. Occurred right after rebooting.",Server / Infrastructure,System Outage,CRITICAL,Infrastructure
Escalation: Company-wide intranet and ERP completely inaccessible,"All employees in North America region unable to access ERP, HR portal, or intranet. Impacting ongoing customer deliverables.",Server / Infrastructure,System Outage,CRITICAL,Infrastructure
Internal DNS not resolving intranet portals,Attempts to navigate to intranet.company.local result in DNS_PROBE_FINISHED_NXDOMAIN.,Network,DNS,HIGH,Network Support
Charger cable frayed and spark noticed,The USB-C power adapter cable is frayed near the brick and needs replacement.,Hardware,Laptop,LOW,Hardware Support
Help needed: USB thumb drive found in parking lot plugged in by mistake,An employee plugged an unknown USB drive found outside into their desktop. Kindly look into this as soon as possible.,Security,Security Incident,CRITICAL,Security
FYI for the helpdesk team. Outlook calendar appointments disappeared,Shared team calendar is not syncing and recurring meetings have vanished. Multiple teammates are experiencing this as well.,Email,Outlook Problem,LOW,Email Support
Need immediate help with this. Outlook stuck on 'Loading Profile' splash,Outlook desktop client does not open past the profile loading screen. Occurred right after rebooting.,Email,Outlook Problem,MEDIUM,Email Support
Laptop keyboard spacebar and enter key broken,Several keys on the built-in keyboard are unresponsive or falling off.,Hardware,Laptop,HIGH,Hardware Support
Urgent assistance required: Production Kubernetes cluster node kernel panic,Worker node 04 crashed with kernel panic; pods evicting to remaining nodes. Error code was captured in screenshot.,Server / Infrastructure,Server Down,CRITICAL,Infrastructure
FYI for the helpdesk team. Figma enterprise seat license request,Need editor access to team design files in Figma workspace. Multiple teammates are experiencing this as well.,Software,License Issue,MEDIUM,Software Support
FYI for the helpdesk team. Spam filter letting through malicious invoice attachments,Spoofed emails with zip attachments bypassing Office 365 spam filters. Multiple teammates are experiencing this as well.,Email,Spam,MEDIUM,Email Support
Chrome browser update failed with error 7,Chrome cannot update to latest security release on enterprise workstation.,Software,Update Issue,HIGH,Software Support
Issue started this morning. Pulse Secure VPN crashing on startup,"Whenever I launch the Pulse Secure VPN app on Windows 11, it crashes immediately. Restarting the system did not resolve the problem.",Network,VPN,MEDIUM,Network Support
Urgent assistance required: High network latency in design studio,"Ping times to internal file server spiked to 600ms, impacting video editing. Error code was captured in screenshot.",Network,Internet Connectivity,HIGH,Network Support
Issue started this morning. JetBrains IntelliJ IDEA license key expired,License server says no floating licenses available for IntelliJ Ultimate. Restarting the system did not resolve the problem.,Software,License Issue,MEDIUM,Software Support
Urgent assistance required: Antivirus pop-up: Trojan.Win32 detected and quarantined,Windows Defender alerted about suspicious executable found in Temp directory. Error code was captured in screenshot.,Security,Malware,CRITICAL,Security
FYI for the helpdesk team. WiFi captive portal not appearing,"When connecting to the guest wireless network, the captive portal login page does not load. Multiple teammates are experiencing this as well.",Network,WiFi,MEDIUM,Network Support
Issue started this morning. USB thumb drive found in parking lot plugged in by mistake,An employee plugged an unknown USB drive found outside into their desktop. Restarting the system did not resolve the problem.,Security,Security Incident,CRITICAL,Security
Active Directory domain controller replication failed,DC02 is failing Kerberos authentication and replication sync with primary DC01.,Server / Infrastructure,Server Down,CRITICAL,Infrastructure
Need immediate help with this. Requesting file restoration from tape backup,Need accidentally deleted folder /var/www/legacy restored from last Friday's backup. Occurred right after rebooting.,Server / Infrastructure,Backup,MEDIUM,Infrastructure
Tableau Desktop license activation error,Tableau activation server unreachable error when activating license key.,Software,License Issue,MEDIUM,Software Support
Issue started this morning. Nightly automated database backup failed,Veeam / pg_dump job terminated with exit code 1; snapshot could not be committed. Restarting the system did not resolve the problem.,Server / Infrastructure,Backup,MEDIUM,Infrastructure
FYI for the helpdesk team. Chrome browser update failed with error 7,Chrome cannot update to latest security release on enterprise workstation. Multiple teammates are experiencing this as well.,Software,Update Issue,HIGH,Software Support
Please assist urgently. Total datacenter power loss / UPS failure in Server Room B,Main power feed tripped; backup generator engaged but UPS A did not switch cleanly. This is blocking my daily tasks.,Server / Infrastructure,System Outage,CRITICAL,Infrastructure
Help needed: Jabra headset microphone not capturing audio,Can hear callers in Teams meeting but microphone picks up no sound. Kindly look into this as soon as possible.,Hardware,Peripherals,LOW,Hardware Support
FYI for the helpdesk team. Password reset link expired or invalid,Self-service password reset portal says security questions are not configured. Multiple teammates are experiencing this as well.,Account & Access,Password Reset,MEDIUM,IT Helpdesk
Unable to reset password via SMS OTP,OTP code for password reset is not arriving on my registered mobile device.,Account & Access,Password Reset,LOW,IT Helpdesk
Confidential customer data sent to wrong external email address,Mistakenly autofilled incorrect recipient and sent quarterly client PII spreadsheet.,Security,Security Incident,CRITICAL,Security
Need immediate help with this. Pulse Secure VPN crashing on startup,"Whenever I launch the Pulse Secure VPN app on Windows 11, it crashes immediately. Occurred right after rebooting.",Network,VPN,HIGH,Network Support
Need immediate help with this. Outlook search indexing not returning emails,Searching for customer emails in Outlook returns zero results or incomplete list. Occurred right after rebooting.,Email,Outlook Problem,MEDIUM,Email Support
Escalation: Unable to reset password via SMS OTP,OTP code for password reset is not arriving on my registered mobile device. Impacting ongoing customer deliverables.,Account & Access,Password Reset,HIGH,IT Helpdesk
Issue started this morning. VPN client installation error,"When trying to install the Cisco VPN client on macOS, the installer throws error 1722. Restarting the system did not resolve the problem.",Network,VPN,MEDIUM,Network Support
FYI for the helpdesk team. Suspicious CEO gift card request email,Email purporting to be from CEO asking for employee cell phone numbers. Multiple teammates are experiencing this as well.,Email,Spam,MEDIUM,Email Support
NFS mount stale file handle on backup server,Backup script failing because NFS export becomes unreachable during sync.,Server / Infrastructure,Storage,HIGH,Infrastructure
Urgent assistance required: Outgoing emails blocked by spam filter,Sent emails are bouncing with SPF/DKIM validation failure message. Error code was captured in screenshot.,Email,Email Not Sending,HIGH,Email Support
FYI for the helpdesk team. Receiving multiple targeted phishing emails,Several staff members received email asking to verify credentials urgently. Multiple teammates are experiencing this as well.,Email,Spam,MEDIUM,Email Support
Need immediate help with this. Mailbox full quota exceeded error,Cannot receive new incoming emails because mailbox has reached 50 GB limit. Occurred right after rebooting.,Email,Email Not Receiving,MEDIUM,Email Support
Office WiFi keeps dropping connection,The 5GHz WiFi in conference room 3B drops connections every few minutes.,Network,WiFi,MEDIUM,Network Support
macOS Sonoma update bricked display output,"After applying OS patch, secondary monitors are no longer detected.",Software,Update Issue,HIGH,Software Support
Urgent assistance required: Mailbox full quota exceeded error,Cannot receive new incoming emails because mailbox has reached 50 GB limit. Error code was captured in screenshot.,Email,Email Not Receiving,HIGH,Email Support
FYI for the helpdesk team. Slow WiFi speeds on 4th floor,Speed test shows under 2 Mbps across the entire marketing floor WiFi access points. Multiple teammates are experiencing this as well.,Network,WiFi,MEDIUM,Network Support
PostgreSQL primary database connection pool exhausted,Application logs show 'FATAL: remaining connection slots are reserved for non-replication superuser connections'.,Server / Infrastructure,Database Issue,HIGH,Infrastructure
Urgent assistance required: Hyper-V host hardware purple screen of death,Host server running 15 virtual machines crashed due to memory parity error. Error code was captured in screenshot.,Server / Infrastructure,Server Down,CRITICAL,Infrastructure
Issue started this morning. Charger cable frayed and spark noticed,The USB-C power adapter cable is frayed near the brick and needs replacement. Restarting the system did not resolve the problem.,Hardware,Laptop,HIGH,Hardware Support
"New phone, need MFA Authenticator reset",I upgraded my smartphone and lost Microsoft Authenticator app 2FA tokens.,Account & Access,MFA,HIGH,IT Helpdesk
Need immediate help with this. Phishing campaign report: fake payroll bonus notification,Received email claiming HR bonus with macro-enabled Excel document attached. Occurred right after rebooting.,Security,Phishing,HIGH,Security
Wireless mouse scroll wheel broken,Logitech wireless mouse scroll wheel is spinning freely without scrolling.,Hardware,Peripherals,LOW,Hardware Support
Need immediate help with this. Chrome browser update failed with error 7,Chrome cannot update to latest security release on enterprise workstation. Occurred right after rebooting.,Software,Update Issue,MEDIUM,Software Support
Multiple failed login attempts during midnight hours,Security log shows 400 failed login attempts against my username.,Security,Suspicious Login,HIGH,Security
Cannot connect to corporate VPN,Unable to establish VPN connection from home. It says handshake failed or connection timed out.,Network,VPN,MEDIUM,Network Support
Issue started this morning. YubiKey hardware token not recognized for MFA,FIDO2 security key fails when tapping for multi-factor authentication. Restarting the system did not resolve the problem.,Account & Access,MFA,MEDIUM,IT Helpdesk
Issue started this morning. Salesforce desktop plugin crashing Outlook,Add-in for Salesforce causes Outlook to hang during startup in safe mode. Restarting the system did not resolve the problem.,Software,Application Crash,HIGH,Software Support
Issue started this morning. Stale DNS records for staging server,DNS still points to the old decommissioned IP address 10.0.5.21. Restarting the system did not resolve the problem.,Network,DNS,HIGH,Network Support
Help needed: Requesting file restoration from tape backup,Need accidentally deleted folder /var/www/legacy restored from last Friday's backup. Kindly look into this as soon as possible.,Server / Infrastructure,Backup,CRITICAL,Infrastructure
Issue started this morning. Wireless mouse scroll wheel broken,Logitech wireless mouse scroll wheel is spinning freely without scrolling. Restarting the system did not resolve the problem.,Hardware,Peripherals,LOW,Hardware Support
Spear phishing targeting executive assistant,Attacker attempting wire transfer authorization using spoofed CFO email header.,Security,Phishing,CRITICAL,Security
FYI for the helpdesk team. Cannot send email to distribution list,Getting error: 'You don't have permission to send to this distribution group.' Multiple teammates are experiencing this as well.,Email,Email Not Sending,MEDIUM,Email Support
FYI for the helpdesk team. USB thumb drive found in parking lot plugged in by mistake,An employee plugged an unknown USB drive found outside into their desktop. Multiple teammates are experiencing this as well.,Security,Security Incident,CRITICAL,Security
Urgent assistance required: VPN authentication failed,Entering my credentials but VPN says authentication error even though password is correct. Error code was captured in screenshot.,Network,VPN,HIGH,Network Support
Issue started this morning. Emails going directly to Junk / Spam folder,Legitimate internal communication from HR is being routed to Spam folder. Restarting the system did not resolve the problem.,Email,Email Not Receiving,HIGH,Email Support
Please assist urgently. Workstation displaying weird popups and opening browsers,Browser windows opening automatically to gambling and ad sites every 30 seconds. This is blocking my daily tasks.,Security,Malware,CRITICAL,Security
Need immediate help with this. Bounce back error 550 Relaying denied,Sending email to client domains results in NDR error 5.7.1 Access denied. Occurred right after rebooting.,Email,Email Not Sending,HIGH,Email Support
FYI for the helpdesk team. No internet access on workstation,"Ethernet cable is plugged in, link lights are on, but cannot browse any websites. Multiple teammates are experiencing this as well.",Network,Internet Connectivity,HIGH,Network Support
Please assist urgently. Unable to connect to office WiFi,My laptop sees the Corp-WiFi SSID but fails to obtain an IP address via DHCP. This is blocking my daily tasks.,Network,WiFi,HIGH,Network Support
AWS IAM console read-only access request,Requesting AWS sandbox account access for cloud architecture evaluation.,Account & Access,Access Request,MEDIUM,IT Helpdesk
Escalation: Lost company laptop on public transit,Left encrypted MacBook Pro on the train this morning. Need remote wipe immediately. Impacting ongoing customer deliverables.,Security,Security Incident,CRITICAL,Security
Production Kubernetes cluster node kernel panic,Worker node 04 crashed with kernel panic; pods evicting to remaining nodes.,Server / Infrastructure,Server Down,CRITICAL,Infrastructure
"Issue started this morning. New phone, need MFA Authenticator reset",I upgraded my smartphone and lost Microsoft Authenticator app 2FA tokens. Restarting the system did not resolve the problem.,Account & Access,MFA,HIGH,IT Helpdesk
Escalation: Printer leaving black smudge across pages,"Drum unit appears dirty, leaving horizontal stripes on every printed invoice. Impacting ongoing customer deliverables.",Hardware,Printer,LOW,Hardware Support
Remote access VPN speed extremely slow,VPN connection is established but speeds are below 50 Kbps making it impossible to work.,Network,VPN,CRITICAL,Network Support
Intermittent packet loss on office LAN,Experiencing 25% packet loss when pinging local gateway 192.168.1.1.,Network,Internet Connectivity,MEDIUM,Network Support
Need urgent network assist,Having issues connecting to internal network resources.,Network,VPN,HIGH,Network Support
